Entry Name,SID,Item Group Name,Attribute 1 Name,Attribute 1 Option,Attribute 2 Name,Attribute 2 Option,Attribute 3 Name,Attribute 3 Option,Quantity,Unit,Min Level,Price,Value,Notes,Tags,Primary Folder,Subfolder-level1,Subfolder-level2,Subfolder-level3,Subfolder-level4,Photo1,Photo2,Photo3,Photo4,Photo5,Photo6,Photo7,Photo8,Barcode/QR1-Data,Barcode/QR1-Type,Barcode/QR2-Data,Barcode/QR2-Type,WO Date,Purchase date OverRide,Purchase Order Number,Work Order Number,Model/Part Number,Bar Code,Bar Code-BarcodeType,Sell price
LIQUID NAILS REGULAR SIZE,S73XAT0789,,,,,,,,24,units,,0,0,10-01120,,,,,,,,,,,,,,,,,,,,,,,,,,
"Caulking Latex, Sil",S73XAT0016,,,,,,,,1,units,,4.49,4.49,10-00200,CARPENTRY,9-15 adrian 1d,,,,,https://lnk.sortly.co/v2/downloads/photo/v2_pn0ATL2-_GUYHJVWIww5I9IFmkhPDdtn2UQZBbpyX-VQKtiNm5s0zQ==,,,,,,,,sy://o2/e_qrcode_us/S73XAT0016,com.sortly.sortlyLabel,70798181014,org.gs1.EAN-13,,,,,,70798080010,org.gs1.EAN-13,6.06
Duo Strainers,S73XAT0505,,,,,,,,1,units,,2.98,2.98,35-00200,PLUMBING,9-15 adrian 1d,,,,,https://lnk.sortly.co/v2/downloads/photo/v2_WmNMEtPP8IROxDF0mxa4DrbsVqej7tBCaBh00WENhyMAcBEIIwrLsg==,,,,,,,,sy://o2/x_qrcode_us/S73XAT0505,com.sortly.sortlyLabel,7.30008E+11,org.gs1.EAN-13,,,,,,,,4.74
Gerber Deck Faucet 42-406 (kitchen),S73XAT0697,,,,,,,,1,units,,119.95,119.95,35-00600,PLUMBING,9-15 adrian 1d,,,,,https://lnk.sortly.co/v2/downloads/photo/v2_WKkpWZcY2_0yJXVBC_52uYUbun1B0J8_Yfur1o3caGeRYWlpXLM3jw==,https://lnk.sortly.co/v2/downloads/photo/v2_f4ew9wb_MTd7gvshoo_wPYPof3jSMZ0LYgGuH27MpLkFZrKFd9SuNQ==,https://lnk.sortly.co/v2/downloads/photo/v2_5NYHv-8wYCR7oK7kv0B6PMybkQnioL8L0YdPIx9-A-1mVB9mbGU-ww==,,,,,,sy://o2/l_qrcode_us/S73XAT0697,com.sortly.sortlyLabel,6.71053E+11,org.iso.Code128,,,,,,,,174.83
"Pipe Elbow 90, 12"" Roughbrass",S73XAT0503,,,,,,,,1,units,,10,10,35-01085,PLUMBING,9-15 adrian 1d,,,,,https://lnk.sortly.co/v2/downloads/photo/v2_KzhkMjTv1uP_PDoYoLiHzsiKuqngNkthHRvPfgmmfwGdBAJQVHWGhA==,https://lnk.sortly.co/v2/downloads/photo/v2_uUt-QaZU_THcgd5dEt7-DASox1KHso8TCrfyMEY_0sElJpw-njTknA==,,,,,,,sy://o2/l_qrcode_us/S73XAT0503,com.sortly.sortlyLabel,7.53E+11,org.gs1.EAN-13,,,,,,,,13.5
"Pipe Elbow 90, 18"" Roughbrass",S73XAT0518,,,,,,,,1,units,,5.14,5.14,35-01086,PLUMBING,9-15 adrian 1d,,,,,https://lnk.sortly.co/v2/downloads/photo/v2_vqECJM-qFNK44HW2uqSTuiq2kjURvtcCpEMOj3OYEQmyJRgaxTZZVw==,https://lnk.sortly.co/v2/downloads/photo/v2_GuPuYrGKWvBuxFBNHqMq72Ujc8sqrdf8OSwmRZ276VhizXGv4OxyEQ==,https://lnk.sortly.co/v2/downloads/photo/v2_8ySsUizegPOwxj9NWkjx4-a0TTzii0zXx5Wt35RXOhj9rSHi454iqQ==,,,,,,sy://o2/l_qrcode_us/S73XAT0518,com.sortly.sortlyLabel,7.53E+11,org.gs1.EAN-13,,,,,,,,10.95
"Sink, Stainless Steel 25"" x 22""",S73XAT0520,,,,,,,,1,units,,31.5,31.5,35-01400,PLUMBING,9-15 adrian 1d,,,,,https://lnk.sortly.co/v2/downloads/photo/v2_lGyFjud5C3gmsGg6VcJXsfqj8ZKdoCC9Sj9Hjx79dBry9xryQFMnag==,,,,,,,,sy://o2/x_qrcode_us/S73XAT0520,com.sortly.sortlyLabel,,,,,,,,,,66
"Tailpiece, 1 1/2 x 12 RB flange",S73XAT0528,,,,,,,,1,units,,4.16,4.16,35-01951,PLUMBING,9-15 adrian 1d,,,,,https://lnk.sortly.co/v2/downloads/photo/v2_n-AIzQ5r6YUCd-Qip7vumQYVMCZkMX6EVtmCy4zTYRTRbeTKae8Rcg==,https://lnk.sortly.co/v2/downloads/photo/v2_a4V5B-Ca7FHXGtQayUilJK0CKlYYrCklgVBtAbSxJ0aMPew8ZVIdcA==,,,,,,,sy://o2/l_qrcode_us/S73XAT0528,com.sortly.sortlyLabel,7.53E+11,org.gs1.EAN-13,,,,,,,,7.25
"10"" Toilet complete",S73XAT0729,,,,,,,,0,units,,197.45,0,36-00090,,<<Inventory>>,,,,,,,,,,,,,sy://o2/m_qrcode_us/S73XAT0729,com.sortly.sortlyLabel,,,,,,,,,,266.55
"12"" Toilet Complete",S73XAT0730,,,,,,,,0,units,,167.7,0,36-00095,,<<Inventory>>,,,,,,,,,,,,,sy://o2/m_qrcode_us/S73XAT0730,com.sortly.sortlyLabel,,,,,,,,,,226.4
6- MIL POLY SHEETING/BOX,S73XAT0500,,,,,,,,131,units,,46.44,6083.64,30-02100,PAINT,<<Inventory>>,,,,,https://lnk.sortly.co/v2/downloads/photo/v2_DwKAvy0Zepd2qKpqngYtwTP3dUypANCCtvz_vdmMvMwDyYmwgp2ZAg==,,,,,,,,sy://o2/x_qrcode_us/S73XAT0500,com.sortly.sortlyLabel,D31077/1.R.44,org.iso.Code128,,,,,,,,62.69
A/C Window Brackets,S73XAT0570,,,,,,,,39,units,,44.99,1754.61,40-00040,SUPER,<<Inventory>>,,,,,https://lnk.sortly.co/v2/downloads/photo/v2_dzIUvNJLrNxH8rjySoodvtMQMantAErsGfNHfnNgnzDHbTua63oNyw==,https://lnk.sortly.co/v2/downloads/photo/v2_UawQibNAf7U_MebxRwX4-y3u14QFQrRIx0bPFsQt5yNKY0AlL5l2ZQ==,,,,,,,sy://o2/l_qrcode_us/S73XAT0570,com.sortly.sortlyLabel,1.01E+13,org.ansi.Interleaved2of5,,,,,,11572051741,org.gs1.EAN-13,60.74
Adhesive Glue VCT 1 gallon,S73XAT0015,,,,,,,,54,units,,22.5,1215,10-00100,CARPENTRY,<<Inventory>>,,,,,https://lnk.sortly.co/v2/downloads/photo/v2_kkBjQzn9UDQndt5v-Qc-RaVmc_2j2p7GSpEFb7Kje-PkxNNJD4wZLA==,,,,,,,,sy://o2/l_qrcode_us/S73XAT0015,com.sortly.sortlyLabel,81833002744,org.gs1.EAN-13,,,,,,1.01E+13,org.ansi.Interleaved2of5,31.64
Ajax Cleanser 21oz,S73XAT0597,,,,,,,,286,units,,1.24,354.64,40-00050,SUPER,<<Inventory>>,,,,,https://lnk.sortly.co/v2/downloads/photo/v2_rgcWIaer1hKXEw1sidqh-TNn_wDxKfHdLG9GPWkow-wMgP55sam5eA==,,,,,,,,sy://o2/l_qrcode_us/S73XAT0597,com.sortly.sortlyLabel,35110142784,org.gs1.EAN-13,,,,,,1.00E+13,org.ansi.Interleaved2of5,1.67
"Alarm, Battery smoke alarms",S73XAT0703,,,,,,,,0,units,,19.95,0,40-00100,SUPER,<<Inventory>>,,,,,,,,,,,,,,,,,,,,,,,,
"Ammonia, 1 gallon",S73XAT0594,,,,,,,,92,units,,3.67,337.64,40-00250,SUPER,<<Inventory>>,,,,,https://lnk.sortly.co/v2/downloads/photo/v2_wKltQ5GedQkKiGFiW-TCZapKQza_NMrZFpZjwMgfBrk8lmC4fR1v-A==,,,,,,,,sy://o2/x_qrcode_us/S73XAT0594,com.sortly.sortlyLabel,1.00E+13,org.ansi.Interleaved2of5,,,,,,,,5.72
"Ammonia, 1 gallon",S73XAT0594,,,,,,,,20,units,,3.67,73.4,40-00250,SUPER,<<Inventory>>,,,,,https://lnk.sortly.co/v2/downloads/photo/v2_GKNWpIX4pRnp9FX1ZRN9849PkIVeBEsTNk1kgmCxcHSecrNsVCobzA==,,,,,,,,sy://o2/x_qrcode_us/S73XAT0594,com.sortly.sortlyLabel,1.00E+13,org.ansi.Interleaved2of5,,,,,,,,5.72
BENJ MOORE 5 GAL SG,S73XAT0486,,,,,,,,5,units,,110,550,30-02150,PAINT,<<Inventory>>,,,,,https://lnk.sortly.co/v2/downloads/photo/v2_S-RD0WVzWKgAmkZF1To04kBnaVp3wJ3zDpVNaLd5hW9l1eDK6_mORA==,,,,,,,,sy://o2/l_qrcode_us/S73XAT0486,com.sortly.sortlyLabel,23906096366,org.gs1.EAN-13,,,,,,23906096328,org.gs1.EAN-13,148.5
BENJ MOORE 5 GAL SG,S73XAT0486,,,,,,,,1,units,,110,110,30-02150,PAINT,<<Inventory>>,,,,,https://lnk.sortly.co/v2/downloads/photo/v2_C_3guLCPvER0CAg6IrCPomCIrzq4z1UvKe-tJTVcveAPgKf5gs9YOQ==,,,,,,,,sy://o2/l_qrcode_us/S73XAT0486,com.sortly.sortlyLabel,23906096366,org.gs1.EAN-13,,,,,,,,148.5
BM DECORATORS WHITE SG 5 GALLON,S73XAT0694,,,,,,,,2,units,,100,200,30-00650,PAINT,<<Inventory>>,,,,,,,,,,,,,,,,,,,,,,,,
Bags Mattress Queen/King,S73XAT0598,,,,,,,,116,units,,3.53,409.48,40-00776,SUPER,<<Inventory>>,,,,,https://lnk.sortly.co/v2/downloads/photo/v2_laP3Qfa8iZx_LeoHrOf5PlImNRw5Oz7VGqmR6SidHRULGV9E_lF7Mg==,,,,,,,,sy://o2/x_qrcode_us/S73XAT0598,com.sortly.sortlyLabel,7.36E+11,org.gs1.EAN-13,,,,,,,,5.55
Bags Mattress Queen/King,S73XAT0598,,,,,,,,6,units,,3.53,21.18,40-00776,SUPER,<<Inventory>>,,,,,https://lnk.sortly.co/v2/downloads/photo/v2_ShDbCVgNO2PeAXzZr6d9LvHEpF7faOcllS8sVo_G3EQZPSaENwP7ew==,,,,,,,,sy://o2/x_qrcode_us/S73XAT0598,com.sortly.sortlyLabel,7.36E+11,org.gs1.EAN-13,,,,,,,,5.55
Bags Mattress Twin/Full,S73XAT0586,,,,,,,,266,units,,2.4,638.4,40-00775,SUPER,<<Inventory>>,,,,,https://lnk.sortly.co/v2/downloads/photo/v2_9vETaFyQtLSmGsFnlXEpCuxFd8WBbsmJRk38xnXHyCCHyBHtC_tYyA==,,,,,,,,sy://o2/x_qrcode_us/S73XAT0586,com.sortly.sortlyLabel,7.36E+11,org.gs1.EAN-13,,,,,,,,
"Bags, 45XXH Small",S73XAT0560,,,,,,,,37,units,50,22.77,842.49,40-00550,SUPER,<<Inventory>>,,,,,https://lnk.sortly.co/v2/downloads/photo/v2_YwKG4PDH6UxHGZfJ89kJ2SWywGAA4MVYio4o3E8v9wU6Y_SR1dhGiA==,,,,,,,,sy://o2/x_qrcode_us/S73XAT0560,com.sortly.sortlyLabel,D34301/1.R.27,org.iso.Code128,,,,,,,,
"Bags, Blue Recycle 55 gal",S73XAT0583,,,,,,,,210,units,,26.32,5527.2,40-00350,SUPER,<<Inventory>>,,,,,https://lnk.sortly.co/v2/downloads/photo/v2_vcNghW42s08s6bIhmPzijIGFSh5ga-kSF_Ldo36FNCu5prIfU92hPA==,https://lnk.sortly.co/v2/downloads/photo/v2_Scfv5bEfWz-aphL6Mpi09RCuea_rdYE8TH2RnTCOokA2D_541OlESg==,,,,,,,,,,,,,,,3855125RBLU,,,35.53
"Bags, Blue Recycle 55 gal",S73XAT0583,,,,,,,,70,units,,26.32,1842.4,40-00350,SUPER,<<Inventory>>,,,,,https://lnk.sortly.co/v2/downloads/photo/v2_DNJbcrKTyuhApGVgCAVeV-n2Ls9B9u9f57CkHpZVYcPGbshEV0rCjA==,https://lnk.sortly.co/v2/downloads/photo/v2_2UW69x5FTIyRuNM95MHPQbu9w-LQUlf7TKcrjzjPvlQAJXkvry7dwg==,,,,,,,,,,,,,,,3855125RBLU,,,35.53
"Bags, Blue Recycle 55 gal",S73XAT0583,,,,,,,,2,units,50,26.32,52.64,40-00350,SUPER,<<Inventory>>,,,,,https://lnk.sortly.co/v2/downloads/photo/v2_rGimrYIOQ_g8yn7u7VLjXSkmcrzl3sEGBqiHrDPJYMHcCrpaCigkGA==,https://lnk.sortly.co/v2/downloads/photo/v2_yk13zZd_m5Y0qE8naVkjfpY059D3HjoomFClOCvM2EO3JkVi6euXpA==,,,,,,,sy://o2/l_qrcode_us/S73XAT0583,com.sortly.sortlyLabel,,,,,,,3855125RBLU,,,35.53
"Bags, Clear Recycle 55 gal",S73XAT0574,,,,,,,,180,units,,16.64,2995.2,40-00450,SUPER,<<Inventory>>,,,,,https://lnk.sortly.co/v2/downloads/photo/v2_K6fimd7Ru4hUcHdWXP_jjI-lJbTlPPU3y310tSFUW2OMq0XOKWHYpg==,https://lnk.sortly.co/v2/downloads/photo/v2_2q8tKjWvbaZNGIWP20u5H319QHJSRCWMS0SFAFnreqMITFyDZgzzyQ==,https://lnk.sortly.co/v2/downloads/photo/v2_pCuNl-L5A6JbNk5OIoYAp-0nqtwODvH11DUA6Mcz-c-4wrCYRLkIog==,,,,,,,,D34308/1.R.431,org.iso.Code128,,,,,,,,35.96
"Bags, Compactor 29""",S73XAT0582,,,,,,,,65,units,40,31.23,2029.95,40-00500,SUPER,<<Inventory>>,,,,,https://lnk.sortly.co/v2/downloads/photo/v2_mHfGY4UnxIcz5Zm3hHjg0js9i2f4mfdFkzQwuCNOnW_7pi7ytl5lJQ==,https://lnk.sortly.co/v2/downloads/photo/v2_bSq7hkjEU8paZpsg4zmva6FdLe0FlRUWPcZp4H7czJaO6IV5UUlzfA==,,,,,,,sy://o2/l_qrcode_us/S73XAT0582,com.sortly.sortlyLabel,,,,,,,Cj294BPT,,,42.16
"Bags, Garbage (Alltype) 29 x 33 Heavy Duty",S73XAT0593,,,,,,,,93,units,,26.92,2503.56,40-00750,SUPER,<<Inventory>>,,,,,https://lnk.sortly.co/v2/downloads/photo/v2_A2iaPDCNfMPYqERpcl5FAwspXf83Wanr05eQXsFpbkgqaM4ud4XZ2A==,,,,,,,,sy://o2/l_qrcode_us/S73XAT0593,com.sortly.sortlyLabel,D34739/1.R.31,org.iso.Code128,,,,,,,,
"Bags, Garbage 23x17x46 Regular",S73XAT0709,,,,,,,,325,units,,27.78,9028.5,40-00600,SUPER,<<Inventory>>,,,,,,,,,,,,,,,,,,,,,,,,37.5
"Bags, Garbage 23x17x46 Regular",S73XAT0709,,,,,,,,19,units,60,27.78,527.82,40-00600,SUPER,<<Inventory>>,,,,,https://lnk.sortly.co/v2/downloads/photo/v2_imWgjPmc8P94yX7PJy0q1T9_pC0JF3Bu7LLbOHoxErtvgl4qhzpvZw==,,,,,,,,sy://o2/l_qrcode_us/S73XAT0709,com.sortly.sortlyLabel,,,,,,,,,,37.5
"Bags, Garbage 48XXH Large",S73XAT0585,,,,,,,,13,units,30,36.02,468.26,40-00700,SUPER,<<Inventory>>,,,,,https://lnk.sortly.co/v2/downloads/photo/v2_2pqx16YxTwB0pURaUgrD8WUxFD_H-ExVZvPKQPVzdTCMwER994ahxg==,https://lnk.sortly.co/v2/downloads/photo/v2_N74p5iQ9Z5lS5hcu3nTQZMAMy1VuSB-dl6lX9DNJAQbo7BzTjwabfA==,,,,,,,sy://o2/l_qrcode_us/S73XAT0585,com.sortly.sortlyLabel,,,,,,,CJ5048225BR,,,48.63
"Balance, 15/30",S73XAT0748,,,,,,,,1,units,,0,0,40-02300,,<<Inventory>>,,,,,,,,,,,,,,,,,,,,,,,,6.95
"Balance, 21/20",S73XAT0746,,,,,,,,12,units,,0,0,40-01100,,<<Inventory>>,,,,,,,,,,,,,,,,,,,,,,,,6.95
"Balance, 27/40",S73XAT0687,,,,,,,,17,units,,0,0,40-02000,SUPER,<<Inventory>>,,,,,,,,,,,,,,,,,,,,,,,,
"Balance, 29/30",S73XAT0573,,,,,,,,25,units,,6.95,173.75,40-02100,SUPER,<<Inventory>>,,,,,https://lnk.sortly.co/v2/downloads/photo/v2_mOSUykUP5OgI3LG4_iyjBB2W4sloNnZypN_Va6VviOqgCP6Wp-FlgQ==,,,,,,,,sy://o2/x_qrcode_us/S73XAT0573,com.sortly.sortlyLabel,,,,,,,,,,9.38
"Balance, 29/40",S73XAT0599,,,,,,,,0,units,,0,0,40-02150,SUPER,<<Inventory>>,,,,,https://lnk.sortly.co/v2/downloads/photo/v2_Xsw3SR9F3NheGuT2r9Q8tbfSSzj2M-7aAy_pw0a44rTtwX2wExyxhw==,,,,,,,,sy://o2/x_qrcode_us/S73XAT0599,com.sortly.sortlyLabel,,,,,,,,,,
"Balance, 30/30",S73XAT0587,,,,,,,,69,units,,5.25,362.25,40-02200,SUPER,<<Inventory>>,,,,,https://lnk.sortly.co/v2/downloads/photo/v2_eVoh4Ut9tuB3-7qzAb8HCJfaEnxAQxQT42C4Deao9lHm5G7AKBJ8cw==,,,,,,,,sy://o2/x_qrcode_us/S73XAT0587,com.sortly.sortlyLabel,,,,,,,,,,7.09
"Balance, 31/30",S73XAT0590,,,,,,,,10,units,,5.25,52.5,40-02500,SUPER,<<Inventory>>,,,,,https://lnk.sortly.co/v2/downloads/photo/v2_WHJIBlGFVWxYL5CaYevA-O2UoLY_J9owhSo6uW-JXkmV5QPZJszh2g==,,,,,,,,sy://o2/x_qrcode_us/S73XAT0590,com.sortly.sortlyLabel,,,,,,,,,,7.09
"Balance, 32/20",S73XAT0592,,,,,,,,39,units,,5.25,204.75,40-02600,SUPER,<<Inventory>>,,,,,,,,,,,,,sy://o2/l_qrcode_us/S73XAT0592,com.sortly.sortlyLabel,,,,,,,,,,7.09
"Balance, 32/30",S73XAT0584,,,,,,,,39,units,,5.25,204.75,40-02650,SUPER,<<Inventory>>,,,,,https://lnk.sortly.co/v2/downloads/photo/v2_jKCZcz71jCIc7qpQ6ipVynTSHBxfISSZkRHsLbvaoATysVpxloG_pg==,,,,,,,,sy://o2/x_qrcode_us/S73XAT0584,com.sortly.sortlyLabel,,,,,,,,,,
"Balance, 33/30",S73XAT0750,,,,,,,,32,units,,0,0,40-03500,,<<Inventory>>,,,,,,,,,,,,,,,,,,,,,,,,6.95
"Balance, 33/40",S73XAT0600,,,,,,,,0,units,,5.75,0,40-02800,SUPER,<<Inventory>>,,,,,,,,,,,,,sy://o2/l_qrcode_us/S73XAT0600,com.sortly.sortlyLabel,,,,,,,,,,10.35
"Balance, 35/20",S73XAT0749,,,,,,,,18,units,,0,0,40-03100,,<<Inventory>>,,,,,,,,,,,,,,,,,,,,,,,,6.95
"Balance, 35/30",S73XAT0688,,,,,,,,0,units,,0,0,40-03200,SUPER,<<Inventory>>,,,,,,,,,,,,,,,,,,,,,,,,6.95
Battery AA 4 Pack,S73XAT0685,,,,,,,,0,units,,2.79,0,40-03650,SUPER,<<Inventory>>,,,,,https://lnk.sortly.co/v2/downloads/photo/v2_YFngWRmyoEPtqNnE8PuTegSp8fBLIBcKiV0Y-mgJg8XEHNiGC-cUfA==,,,,,,,,sy://o2/x_qrcode_us/S73XAT0685,com.sortly.sortlyLabel,1.00E+13,org.ansi.Interleaved2of5,,,,,,,,
Battery AA Duracell 2 pack,S73XAT0588,,,,,,,,101,units,,2.79,281.79,40-03600,SUPER,<<Inventory>>,,,,,,,,,,,,,,,,,,,,,,,,4.91
Battery AAA 4 Pack,S73XAT0684,,,,,,,,243,units,,2.79,677.97,40-03700,SUPER,<<Inventory>>,,,,,https://lnk.sortly.co/v2/downloads/photo/v2_GlGlN_aQShPOmcwzhKA-I5kFP1rPDPYiQ1P_A5GMro1o38gZq3pHLw==,,,,,,,,sy://o2/x_qrcode_us/S73XAT0684,com.sortly.sortlyLabel,39800099099,org.gs1.EAN-13,,,,,,,,3.77
"Battery, 9 volt",S73XAT0591,,,,,,,,3,units,,2.79,8.37,40-03800,SUPER,<<Inventory>>,,,,,https://lnk.sortly.co/v2/downloads/photo/v2_vSuwV-TCZuEY1z6T2S9TZRT5Fh-EAe-2Bk-bKbHDiRsJ_wXIwMyhsw==,,,,,,,,sy://o2/x_qrcode_us/S73XAT0591,com.sortly.sortlyLabel,1.00E+13,org.ansi.Interleaved2of5,,,,,,,,5.27
"Bleach, 1 gallon",S73XAT0589,,,,,,,,199,units,18,3.37,670.63,40-03850,SUPER,<<Inventory>>,,,,,https://lnk.sortly.co/v2/downloads/photo/v2_9n-eWX5O-jbNnBy5c9P1zoAg8rHuFgVYMG7zEoLgNP4HJ3aGnJ5RLA==,,,,,,,,sy://o2/l_qrcode_us/S73XAT0589,com.sortly.sortlyLabel,22609000649,org.gs1.EAN-13,,,,,,1.00E+13,org.ansi.Interleaved2of5,4.89
"Bleach, 1 gallon",S73XAT0589,,,,,,,,168,units,,3.37,566.16,40-03850,SUPER,<<Inventory>>,,,,,https://lnk.sortly.co/v2/downloads/photo/v2_XOZz1a3t06QTGRos1Si9wfmpYd88-MaZSfgQ1PUoJeG507YGpbrrog==,,,,,,,,sy://o2/x_qrcode_us/S73XAT0589,com.sortly.sortlyLabel,22609000649,org.gs1.EAN-13,,,,,,,,
"Broom, Angle",S73XAT0605,,,,,,,,21,units,,5.56,116.76,40-04000,SUPER,<<Inventory>>,,,,,https://lnk.sortly.co/v2/downloads/photo/v2_NKHjVHntKNZPISBDs7pkjy_qzkv2okaAyjD4Ygmy5dGqLoYWtHt_rg==,https://lnk.sortly.co/v2/downloads/photo/v2_WbvRi6JmtmA3jzuqhgWd4KL2i5BxqGu1Dv3VOFCvso9cBK0OitNNbA==,,,,,,,sy://o2/l_qrcode_us/S73XAT0605,com.sortly.sortlyLabel,8.14E+11,org.gs1.EAN-13,,,,,,,,9.13
"Broom, Push 18""",S73XAT0613,,,,,,,,0,units,,7.5,0,40-04100,SUPER,<<Inventory>>,,,,,,,,,,,,,,,,,,,,,,,,
"Buffing Machine Pads, 18"" Black",S73XAT0606,,,,,,,,16,units,,4.06,64.96,40-04152,SUPER,<<Inventory>>,,,,,https://lnk.sortly.co/v2/downloads/photo/v2_hyVWEWXN_J-x-ItJjEFXE_vmGhIpIoSFE2JwLpm1xe5JRZm7Zwu8vQ==,,,,,,,,sy://o2/x_qrcode_us/S73XAT0606,com.sortly.sortlyLabel,,,,,,,,,,5.48
"Buffing Machine Pads, 18"" Red",S73XAT0602,,,,,,,,5,units,,4.06,20.3,40-04151,SUPER,<<Inventory>>,,,,,https://lnk.sortly.co/v2/downloads/photo/v2_HCqFC5U5yfL1wEm5FquzmgYhrP3wcfP81b_EZZuIWzw1F9Iqkkd3CQ==,,,,,,,,sy://o2/x_qrcode_us/S73XAT0602,com.sortly.sortlyLabel,,,,,,,,,,
"Bulbs, 2 ft fluors. 20 watt",S73XAT0464,,,,,,,,12,units,,2.52,30.24,20-00100,ELECTRIC,<<Inventory>>,,,,,https://lnk.sortly.co/v2/downloads/photo/v2__7W46PmAmO5I89Zy66OPkS-c4xm3ziqCIYewISmeSECYcsTzCPuTWg==,,,,,,,,sy://o2/x_qrcode_us/S73XAT0464,com.sortly.sortlyLabel,1.07E+13,org.ansi.Interleaved2of5,,,,,,,,3.4
"Bulbs, 32 watt circl. line",S73XAT0467,,,,,,,,75,units,,1.95,146.25,20-00200,"ELECTRIC, UOM",<<Inventory>>,,,,,https://lnk.sortly.co/v2/downloads/photo/v2_v80vohaevNo1cW6tS4edK3ww9MdQ0yXLWw7s57tnyNF3XieUkRTQOA==,https://lnk.sortly.co/v2/downloads/photo/v2_zA4UQOQ-cIxBoICy5IPcDXZ_o4fSeFe4M9xp8nET22CZmaL4jOVtwg==,,,,,,,sy://o2/x_qrcode_us/S73XAT0467,com.sortly.sortlyLabel,1.07E+13,org.ansi.Interleaved2of5,,,,,,75877000323,org.gs1.EAN-13,4.5
"Bulbs, 4 ft fluors. 40 watt",S73XAT0692,,,,,,,,45,units,,1.85,83.25,20-00300,ELECTRIC,<<Inventory>>,,,,,https://lnk.sortly.co/v2/downloads/photo/v2_dwCBDIVLOioPwSb1pw6HC8-Kkd2ac2rxJggeCblr_JA7zZq45EuSuw==,https://lnk.sortly.co/v2/downloads/photo/v2_TRohL_c86KpDKbhZPHQBPxQJ2xwcWGx9ZEDPXsyHR1UwIqwb7UEEHg==,,,,,,,,,6.54E+11,org.gs1.EAN-13,,,,,,1.07E+13,org.ansi.Interleaved2of5,2.95
"Bulbs, 60 watt frost white",S73XAT0453,,,,,,,,234,units,,0.45,105.3,20-00400,"ELECTRIC, UOM",<<Inventory>>,,,,,https://lnk.sortly.co/v2/downloads/photo/v2_Tcdd1cL_bm2HCiLYRXmnKeWBVX1LNKSAqycmpBC8EuoE5YhsEK0BAA==,,,,,,,,sy://o2/x_qrcode_us/S73XAT0453,com.sortly.sortlyLabel,6.54E+11,org.gs1.EAN-13,,,,,,1.07E+13,org.ansi.Interleaved2of5,1.25
"Bulbs, 75 watt frost white",S73XAT0457,,,,,,,,44,units,,0.45,19.8,20-00500,ELECTRIC,<<Inventory>>,,,,,https://lnk.sortly.co/v2/downloads/photo/v2_jJBsl8YM_xxjxtKdFmX7aBRMZhv2CIiHvYN_NPjIFpJ1UVRELUaOhQ==,https://lnk.sortly.co/v2/downloads/photo/v2_PZFkXFeydO57M5Ps5SSpP0hg8Nb_YHqHsCFrHzY9zi9HgJhICwkegw==,,,,,,,sy://o2/x_qrcode_us/S73XAT0457,com.sortly.sortlyLabel,6.54E+11,org.gs1.EAN-13,,,,,,1.07E+13,org.ansi.Interleaved2of5,0.65
"Bulbs,22 watt circl line",S73XAT0468,,,,,,,,93,units,,2.99,278.07,20-00150,"ELECTRIC, UOM",<<Inventory>>,,,,,https://lnk.sortly.co/v2/downloads/photo/v2_MucCcH7WqGKRgd0UhnuI4WveZQud4umEFoEASUh-T3nU65HUzInpCw==,https://lnk.sortly.co/v2/downloads/photo/v2_UoFYyopBMa18M9StskgRJSQ30MD4vLdtJuTDndVenKsN9lhjDBj9jA==,,,,,,,sy://o2/x_qrcode_us/S73XAT0468,com.sortly.sortlyLabel,75877000224,org.gs1.EAN-13,,,,,,6.54E+11,org.gs1.EAN-13,
Calcium Chloride Pellets 50lbs,S73XAT0604,,,,,,,,54,units,,17.95,969.3,40-04175,SUPER,<<Inventory>>,,,,,https://lnk.sortly.co/v2/downloads/photo/v2_sXQJ3qnqFoQJkeT7OjdUu4qI16DzMOi6H3-A_yiD0Af9Zj21e95fBw==,,,,,,,,sy://o2/x_qrcode_us/S73XAT0604,com.sortly.sortlyLabel,http://vaporizericemelt.com,org.iso.QRCode,,,,,,,,28.72
Carbon Monoxide Detectors,S73XAT0610,,,,,,,,107,units,,18.99,2031.93,40-04224,SUPER,<<Inventory>>,,,,,https://lnk.sortly.co/v2/downloads/photo/v2_CAwWr1e0CKUUfSkrLf2-d7aaF69gBaBU-L2_0PR3kYUeEpLtVGx2Zg==,,,,,,,,sy://o2/x_qrcode_us/S73XAT0610,com.sortly.sortlyLabel,29054003928,org.gs1.EAN-13,,,,,,,,
Carbon Monoxide Detectors/smoke combo electric,S73XAT0615,,,,,,,,0,units,,0,0,40-04240,SUPER,<<Inventory>>,,,,,https://lnk.sortly.co/v2/downloads/photo/v2_-j1_gzp57FCwgypn0RuS6rwla_lcodytkwHRYRN66XO9EfVTuUjuAA==,https://lnk.sortly.co/v2/downloads/photo/v2_uR3835Zcy842iqykJs7hoUHsbZkJ0mdOIAL6Lh2M3Aobw8SdYIjvzg==,,,,,,,sy://o2/x_qrcode_us/S73XAT0615,com.sortly.sortlyLabel,29054513069,org.gs1.EAN-13,,,,,,47871100712,org.gs1.EAN-13,53.93
"Caulking, Bathroom Silicone (white)",S73XAT0641,,,,,,,,70,units,,9.59,671.3,40-04250,SUPER,<<Inventory>>,,,,,https://lnk.sortly.co/v2/downloads/photo/v2_dXPp1qQIkJMet79qRIMvNZS-jxHm3EqYgehbY2WExH1ly0EnoKxPkw==,,,,,,,,sy://o2/x_qrcode_us/S73XAT0641,com.sortly.sortlyLabel,77027007121,org.gs1.EAN-13,,,,,,,,12.95
"Caulking, Bathroom Silicone (white)",S73XAT0641,,,,,,,,96,units,,9.59,920.64,40-04250,SUPER,<<Inventory>>,,,,,https://lnk.sortly.co/v2/downloads/photo/v2_-4w9_mPu2nFbZgKUzw4A5R8UnDy3W28rERlpY5k_0DL7Z1AZBr9PZw==,,,,,,,,sy://o2/x_qrcode_us/S73XAT0641,com.sortly.sortlyLabel,28756957331,org.gs1.EAN-13,,,,,,28756957300,org.gs1.EAN-13,12.95
"Cement, Portland (94 lb Bags)",S73XAT0536,,,,,,,,0,units,,14.99,0,50-00100,TILE,<<Inventory>>,,,,,,,,,,,,,,,,,,,,,,,,19.49
Cherry Block Deodorant 20LB,S73XAT0620,,,,,,,,25,units,,41.67,1041.75,40-04275,SUPER,<<Inventory>>,,,,,https://lnk.sortly.co/v2/downloads/photo/v2_jR8xI2esViwHyoYvyzyLdElB3P9ccmYRU8sU_LN6qAyJAgE-OkSYCA==,https://lnk.sortly.co/v2/downloads/photo/v2_i-x7HvSNL4c5NJDj0OEhBIDQ3wbwYljQr154uhJnmYOGRMZmPAyLHg==,https://lnk.sortly.co/v2/downloads/photo/v2_GJr4MDQbNOR-1N2sBa--F-SPDVeOb3DRsnL-ZRwTtu1WvcQ5l4oBJA==,,,,,,sy://o2/l_qrcode_us/S73XAT0620,com.sortly.sortlyLabel,ECABA00,org.iso.Code128,,,,,,,,54.28
"Cleaner, Baseboard Stripper",S73XAT0689,,,,,,,,72,units,,3.5,252,40-04460,SUPER,<<Inventory>>,,,,,https://lnk.sortly.co/v2/downloads/photo/v2_PdN97F-bd9AiT5EV7OpUSxZHjsx2VPSEjHuMKkBHLS6HdcWcOobWzA==,https://lnk.sortly.co/v2/downloads/photo/v2_XK-9loUtUyFmL5LSAwnuDGXnb6L3jHygPY-6DVIgyXR7_XzArp5miw==,,,,,,,,,,,,,,,,,,5
"Cleaner, Window (per gallon)",S73XAT0609,,,,,,,,78,units,,7.8,608.4,40-04400,SUPER,<<Inventory>>,,,,,https://lnk.sortly.co/v2/downloads/photo/v2_GwHt3YK-L5oLD5tpw5J0gfJibcnhcsry84-oeP4lkNcchHl7klVggg==,,,,,,,,sy://o2/x_qrcode_us/S73XAT0609,com.sortly.sortlyLabel,5728080 1gal,org.iso.Code128,,,,,,,,
"Cleaner, Window (per gallon)",S73XAT0609,,,,,,,,2,units,,7.8,15.6,40-04400,SUPER,<<Inventory>>,,,,,https://lnk.sortly.co/v2/downloads/photo/v2_iLgcK_bys876DpJE2BzqR0zmXBgI29oUI0gfPXZZhdtNFG5Ebjw9jg==,,,,,,,,sy://o2/x_qrcode_us/S73XAT0609,com.sortly.sortlyLabel,5728080 1gal,org.iso.Code128,,,,,,,,10.94
"Cleaner, Window (per gallon)",S73XAT0609,,,,,,,,4,units,,7.8,31.2,40-04400,SUPER,<<Inventory>>,,,,,https://lnk.sortly.co/v2/downloads/photo/v2_m3fVzK4bv7z_K6x7odxB6bZGl1S0uflDq6ghCfQarA_m3ZbKzLY7LA==,https://lnk.sortly.co/v2/downloads/photo/v2_4pFFih88hxrfhUW2LMN0wFYAhlf3AZTRPZXLaBV1K-h5Acqib7uCSg==,,,,,,,sy://o2/l_qrcode_us/S73XAT0609,com.sortly.sortlyLabel,5728080 1gal,org.iso.Code128,,,,,,,,10.94
"Clips, Window Takeout",S73XAT0751,,,,,,,,358,units,,0,0,40-04300,,<<Inventory>>,,,,,,,,,,,,,,,,,,,,,,,,0.7
Clorox Wipes,S73XAT0671,,,,,,,,176,units,,29.95,5271.2,40-08360,SUPER,<<Inventory>>,,,,,https://lnk.sortly.co/v2/downloads/photo/v2_JJLzVPQvipQFV1yPkpzuzgMkL-2I074g7w0DHswM6Y_mmv27uKwkDQ==,https://lnk.sortly.co/v2/downloads/photo/v2_j4sbiuZ1TyKWvysRwpXye4pOKiGiAwv-hUkcxwqsDZDOtPnavGOE3Q==,,,,,,,sy://o2/x_qrcode_us/S73XAT0671,com.sortly.sortlyLabel,1.00E+13,org.ansi.Interleaved2of5,,,,,,,,29.95
Closet Pole Brackets,S73XAT0018,,,,,,,,10,units,,7.99,79.9,10-00310,CARPENTRY,<<Inventory>>,,,,,,,,,,,,,sy://o2/x_qrcode_us/S73XAT0018,com.sortly.sortlyLabel,,,,,,,,,,10.79
Combo Smoke Alarms 10yr,S73XAT0616,,,,,,,,68,units,,46.75,3179,40-04225,SUPER,<<Inventory>>,,,,,https://lnk.sortly.co/v2/downloads/photo/v2_PA-BgRGNhkGJWKZxbZhtTEKEosbsDp0R3QNSu1uaw4KAXGexdyJBjA==,,,,,,,,sy://o2/l_qrcode_us/S73XAT0616,com.sortly.sortlyLabel,29054015006,org.gs1.EAN-13,,,,,,,,63.11
"Compound, joint 5 gallon",S73XAT0477,,,,,,,,15,units,15,21.99,329.85,30-00100,PAINT,<<Inventory>>,,,,,https://lnk.sortly.co/v2/downloads/photo/v2_-YkK_C9UFVJif5PeKqNf9W4baKWwe_8AQOuegNVpW3KyT19VKh3W8g==,,,,,,,,sy://o2/l_qrcode_us/S73XAT0477,com.sortly.sortlyLabel,81099203602,org.gs1.EAN-13,,,,,,,,26.99
"Compound, joint 5 gallon",S73XAT0477,,,,,,,,48,units,,19.99,959.52,30-00100,PAINT,<<Inventory>>,,,,,https://lnk.sortly.co/v2/downloads/photo/v2_BW3OmEYqMPO9PHmzf6s9harNeoQKwG8oI7uqRWkc6ecmeO_9MFdDCA==,,,,,,,,sy://o2/x_qrcode_us/S73XAT0477,com.sortly.sortlyLabel,81099203602,org.gs1.EAN-13,,,,,,,,
Cornerbead,S73XAT0019,,,,,,,,2,units,,6.59,13.18,10-00330,CARPENTRY,<<Inventory>>,,,,,,,,,,,,,sy://o2/l_qrcode_us/S73XAT0019,com.sortly.sortlyLabel,,,,,,,,,,8.9
Cornerbead,S73XAT0019,,,,,,,,20,units,,6.59,131.8,10-00330,CARPENTRY,<<Inventory>>,,,,,,,,,,,,,,,,,,,,,,,,8.9
"Cover, Stove Knob",S73XAT0607,,,,,,,,68,units,,7.5,510,40-03890,SUPER,<<Inventory>>,,,,,https://lnk.sortly.co/v2/downloads/photo/v2_n6FPhdeQk0U8iu2CMPeixMBPo5ZNkFRMU_xOhLfEZ2G9AQY4cFmQWg==,https://lnk.sortly.co/v2/downloads/photo/v2_sJW8B0kMUEyV_9ebFbaj_t0bMUotkOuaRARpxRKF70k2-xw0qqXejg==,,,,,,,,,8.79E+11,org.gs1.EAN-13,,,,,,,,
Coveralls Tyvex Suits,S73XAT0611,,,,,,,,78,units,,17.8,1388.4,40-04470,SUPER,<<Inventory>>,,,,,,,,,,,,,,,,,,,,,,,,24.03
"Cylinder, brass mortise",S73XAT0017,,,,,,,,189,units,,12.99,2455.11,10-00350,CARPENTRY,<<Inventory>>,,,,,https://lnk.sortly.co/v2/downloads/photo/v2_5MeuiiqGcEwRlfkWb0YMoC-7ez0NSEJ1EDPoLnKeRae9Ygr3mOCn4g==,,,,,,,,sy://o2/l_qrcode_us/S73XAT0017,com.sortly.sortlyLabel,75877963017,org.gs1.EAN-13,,,,,,,,17.54
DECORATORS WHITE EGGSHELL 5 GAL,S73XAT0695,,,,,,,,3,units,,100,300,30-00660,PAINT,<<Inventory>>,,,,,,,,,,,,,sy://o2/x_qrcode_us/S73XAT0695,com.sortly.sortlyLabel,,,,,,,,,,
DOOR SLAB 18 X 80,S73XAT0739,,,,,,,,3,units,,164.97,494.91,10-00380,,<<Inventory>>,,,,,,,,,,,,,sy://o2/m_qrcode_us/S73XAT0739,com.sortly.sortlyLabel,,,,,,,,,,
DUST MASKS- 3M,S73XAT0502,,,,,,,,0,units,,25,0,,PAINT,<<Inventory>>,,,,,,,,,,,,,,,,,,,,,,,,
Delta Basin Faucet 520MPU-DST bath,S73XAT0496,,,,,,,,22,units,,119.95,2638.9,35-00050,PLUMBING,<<Inventory>>,,,,,,,,,,,,,,,,,,,,,,,,188.93
Delta Deck Faucet 100-DST Kitchen,S73XAT0498,,,,,,,,16,units,,93.5,1496,35-00060,PLUMBING,<<Inventory>>,,,,,,,,,,,,,,,,,,,,,,,,118.13
"Deodorant, Island Tropic",S73XAT0632,,,,,,,,11,units,6,30.72,337.92,40-04553,SUPER,<<Inventory>>,,,,,https://lnk.sortly.co/v2/downloads/photo/v2_6IXNsQjfn860ZXf6G6tRa8cHBZDd6QVl5bLp7nlR-hqlRfjtSCtmEw==,,,,,,,,sy://o2/l_qrcode_us/S73XAT0632,com.sortly.sortlyLabel,,,,,,,,,,41.47
"Deodorant, Island Tropic",S73XAT0632,,,,,,,,15,units,,30.72,460.8,40-04553,SUPER,<<Inventory>>,,,,,https://lnk.sortly.co/v2/downloads/photo/v2_wdEKwIKbR1Mg0JeSlrcO9GiCxcf5u6bJB6fq0V2IQHQ5xJbH8rsUqA==,,,,,,,,sy://o2/x_qrcode_us/S73XAT0632,com.sortly.sortlyLabel,,,,,,,,,,41.47
"Deodorant, Lavender",S73XAT0634,,,,,,,,56,units,,30.72,1720.32,40-04551,SUPER,<<Inventory>>,,,,,https://lnk.sortly.co/v2/downloads/photo/v2_4nHlTXOlS1uTWhUKn9oBkrMsKGofXcQ58nh0F8BLyLpHf36Nn-3QoA==,,,,,,,,sy://o2/x_qrcode_us/S73XAT0634,com.sortly.sortlyLabel,5724833 5gal,org.iso.Code128,,,,,,,,41.47
"Deodorant, Lavender",S73XAT0634,,,,,,,,32,units,,30.72,983.04,40-04551,SUPER,<<Inventory>>,,,,,https://lnk.sortly.co/v2/downloads/photo/v2_pWNDln-6Wk5ZBoVq_tJlRjD1hch73cmXuA1cMULyHFk8-GKcPmKeiQ==,,,,,,,,sy://o2/x_qrcode_us/S73XAT0634,com.sortly.sortlyLabel,5724833 5gal,org.iso.Code128,,,,,,,,41.47
"Deodorant, Rain Forest",S73XAT0612,,,,,,,,20,units,,30.72,614.4,40-04552,SUPER,<<Inventory>>,,,,,https://lnk.sortly.co/v2/downloads/photo/v2_Cm9hRpOt3PN8YK-HMI1PrZHuT5UwZSsaZM4y4YIzwePXzB1OiKAC0Q==,,,,,,,,sy://o2/x_qrcode_us/S73XAT0612,com.sortly.sortlyLabel,,,,,,,,,,41.47
"Deodorant, Rain Forest",S73XAT0612,,,,,,,,15,units,,30.72,460.8,40-04552,SUPER,<<Inventory>>,,,,,https://lnk.sortly.co/v2/downloads/photo/v2_uhOfLmxM403qovSOGBGUkqx2m3ZGTI0dd73tAp7Ipe0yx9643W8QHw==,,,,,,,,sy://o2/x_qrcode_us/S73XAT0612,com.sortly.sortlyLabel,,,,,,,,,,41.47
"Deodorant, Xtreme Mint",S73XAT0618,,,,,,,,20,units,,9.26,185.2,40-04555,SUPER,<<Inventory>>,,,,,,,,,,,,,,,,,,,,,,,,12.5
"Deodorant, Xtreme Mint",S73XAT0618,,,,,,,,10,units,,9.26,92.6,40-04555,SUPER,<<Inventory>>,,,,,https://lnk.sortly.co/v2/downloads/photo/v2_xB0n4yrZZV6XFvhZIBh1-AK7jYHk4Pb9UEp0WjaCFYeQSQPd9hgI4A==,,,,,,,,sy://o2/l_qrcode_us/S73XAT0618,com.sortly.sortlyLabel,5720514 1qt,org.iso.Code128,,,,,,,,12.5
"Deodorant,cherry (5 gallon containers)",S73XAT0690,,,,,,,,69,units,,20.64,1424.16,40-04550,,<<Inventory>>,,,,,,,,,,,,,sy://o2/l_qrcode_us/S73XAT0690,com.sortly.sortlyLabel,,,,,,,,,,
Deterg Cleaner Degreaser,S73XAT0635,,,,,,,,2,units,,3.9,7.8,40-04500,SUPER,<<Inventory>>,,,,,,,,,,,,,,,,,,,,,,,,7.1
Deterg Cleaner Degreaser,S73XAT0635,,,,,,,,53,units,,3.9,206.7,40-04500,SUPER,<<Inventory>>,,,,,https://lnk.sortly.co/v2/downloads/photo/v2_wqZjs5DgUorlEYmYgmML-5eqWwtRM0E8Mc1yP9sPX5Vxc4PXVglfyA==,,,,,,,,sy://o2/l_qrcode_us/S73XAT0635,com.sortly.sortlyLabel,,,,,,,,,,7.1
Diverter Spouts,S73XAT0490,,,,,,,,29,units,,3.4,98.6,35-00150,PLUMBING,<<Inventory>>,,,,,https://lnk.sortly.co/v2/downloads/photo/v2_QXeRqBIBdMqt3MxDqNeyCLROEZRu4DIlhPvW4IJ2Hu_mlAjGUasOag==,https://lnk.sortly.co/v2/downloads/photo/v2_iKNaaApTRXKcb2teFZe1lI6A9UPgh3CeVzlTvkBgVFR-0ebZW0zt8g==,,,,,,,sy://o2/l_qrcode_us/S73XAT0490,com.sortly.sortlyLabel,7.53E+11,org.gs1.EAN-13,,,,,,,,6.5
"Door Knob, Brass",S73XAT0021,,,,,,,,41,units,,6.49,266.09,10-00375,CARPENTRY,<<Inventory>>,,,,,https://lnk.sortly.co/v2/downloads/photo/v2_ZTLiQJD88wHPvuVy_XDsEtatygBDxr4mbl8hH1XA0QXq6y3n8XLcSA==,,,,,,,,,,7.50E+11,org.gs1.EAN-13,,,,,,1.07E+13,org.ansi.Interleaved2of5,
Door Stop Heavy Duty,S73XAT0025,,,,,,,,403,units,,7.99,3219.97,10-01050,CARPENTRY,<<Inventory>>,,,,,https://lnk.sortly.co/v2/downloads/photo/v2_H2zBHn5VYeXGKihBXQAcPYPpw5fWiSqYj1QkrCUTCF-v-6JR8HuQTA==,,,,,,,,sy://o2/x_qrcode_us/S73XAT0025,com.sortly.sortlyLabel,44074135978,org.gs1.EAN-13,,,,,,7.50E+11,org.gs1.EAN-13,
Duo Strainers,S73XAT0505,,,,,,,,103,units,,2.98,306.94,35-00200,PLUMBING,<<Inventory>>,,,,,https://lnk.sortly.co/v2/downloads/photo/v2_2CedGG7WOedGMtnt5kJzhFr5iU0Lluwr-Cqj0Y-rI4jlLqjBDMnYBw==,,,,,,,,sy://o2/x_qrcode_us/S73XAT0505,com.sortly.sortlyLabel,7.30E+11,org.gs1.EAN-13,,,,,,,,4.74
Duplex Outlets,S73XAT0462,,,,,,,,0,units,,1.09,0,20-00560,ELECTRIC,<<Inventory>>,,,,,https://lnk.sortly.co/v2/downloads/photo/v2_WPNwVlGHmxgw6Fs2JXdUlBrzX2cwCDJ58juKaJCyO0v4CujqqyxQvA==,,,,,,,,sy://o2/x_qrcode_us/S73XAT0462,com.sortly.sortlyLabel,1.01E+13,org.ansi.Interleaved2of5,,,,,,75877270016,org.gs1.EAN-13,1.5
EXTENSION 1 1/2'' X 12'',S73XAT0743,,,,,,,,35,units,,11.62,406.7,35-00230,,<<Inventory>>,,,,,,,,,,,,,,,,,,,,,,,,
Empty 1 gallon containers,S73XAT0642,,,,,,,,15,units,,2.37,35.55,40-04560,SUPER,<<Inventory>>,,,,,,,,,,,,,sy://o2/l_qrcode_us/S73XAT0642,com.sortly.sortlyLabel,,,,,,,,,,
"Escutcheon Plate 1 1/2""",S73XAT0608,,,,,,,,7,units,,1.95,13.65,40-04573,SUPER,<<Inventory>>,,,,,https://lnk.sortly.co/v2/downloads/photo/v2_giSAgpbT2h5Vw0KWvY-Akpnyj6h1nDqBLqXtI6YAQ6AWU40ARsQEaA==,,,,,,,,,,1.08E+13,org.ansi.Interleaved2of5,,,,,,,,2.55
"Escutcheon Plate 1 1/4""",S73XAT0645,,,,,,,,21,units,,1.95,40.95,40-04572,SUPER,<<Inventory>>,,,,,,,,,,,,,,,,,,,,,,,,2.63
"Escutcheon Plate 1/2"" (cooper pipe)",S73XAT0630,,,,,,,,0,units,,1.95,0,40-04571,SUPER,<<Inventory>>,,,,,,,,,,,,,,,,,,,,,,,,
"Escutcheon Plate 1/2"" ips (gal. Steel or brass pipe)",S73XAT0648,,,,,,,,9,units,,1.95,17.55,40-04570,SUPER,<<Inventory>>,,,,,https://lnk.sortly.co/v2/downloads/photo/v2_J_fSoSFU_fDLrJ7zc_qfo8tze6XXynZk3oyRzY_PK9r2UvwwU5cCcg==,,,,,,,,sy://o2/x_qrcode_us/S73XAT0648,com.sortly.sortlyLabel,6.11E+11,org.gs1.EAN-13,,,,,,,,
"Escutcheon Plate 2 1/2""",S73XAT0614,,,,,,,,0,units,,4.95,0,40-04576,SUPER,<<Inventory>>,,,,,,,,,,,,,,,,,,,,,,,,
"Escutcheon Plate 2""",S73XAT0625,,,,,,,,0,units,,1.95,0,40-04574,SUPER,<<Inventory>>,,,,,https://lnk.sortly.co/v2/downloads/photo/v2_R57Ckv3A9MLpRB8m0t-6ugR6ytqTzV734JDvDbSFBo-8fIGDtb-Y1g==,,,,,,,,,,7.53E+11,org.ansi.Interleaved2of5,,,,,,,,4.25
"Escutcheon Plate 3""",S73XAT0617,,,,,,,,17,units,,5.5,93.5,40-04575,SUPER,<<Inventory>>,,,,,https://lnk.sortly.co/v2/downloads/photo/v2_uUKazrj4mR_pnLOtfpjzocysUQ8AmSUQaVIQG6nQOuA_9JlbJMgTKg==,,,,,,,,,,7.30E+11,org.gs1.EAN-13,,,,,,,,7.25
Extension 1 1/4 x 12,S73XAT0744,,,,,,,,100,units,,0,0,35-00220,,<<Inventory>>,,,,,,,,,,,,,,,7.53E+11,org.gs1.EAN-13,,,,,,,,9.67
"Fixture, Bathroom (with out pullchain)",S73XAT0693,,,,,,,,23,units,,15,345,20-00575,ELECTRIC,<<Inventory>>,,,,,https://lnk.sortly.co/v2/downloads/photo/v2_GwwquT1ljxoGh-MIg2Iuof0Kd9g4n8_XPZqJrnUo4SCPE4VvvyV1wA==,,,,,,,,sy://o2/l_qrcode_us/S73XAT0693,com.sortly.sortlyLabel,45923771217,org.gs1.EAN-13,,,,,,,,20.25
"Fixture, Bathroom Wall",S73XAT0454,,,,,,,,33,units,,11.5,379.5,20-01100,"ELECTRIC, identify",<<Inventory>>,,,,,,,,,,,,,sy://o2/x_qrcode_us/S73XAT0454,com.sortly.sortlyLabel,,,,,,,,,,
"Fixture, Kitchen with cover",S73XAT0458,,,,,,,,38,units,,28,1064,20-01300,ELECTRIC,<<Inventory>>,,,,,,,,,,,,,,,,,,,,,,,,
"Fixture, Kitchen-Hall-Liv-Bed w/out pullchain",S73XAT0461,,,,,,,,9,units,,6.5,58.5,20-00580,ELECTRIC,<<Inventory>>,,,,,https://lnk.sortly.co/v2/downloads/photo/v2_WLFZPXvxEAkV5irUMP8b0S4el8nSbrndUo2iLSF9HWsNaumEZZxs6A==,,,,,,,,sy://o2/l_qrcode_us/S73XAT0461,com.sortly.sortlyLabel,45923771200,org.gs1.EAN-13,,,,,,,,
"Fixture, Satco 13"" Hall, Bed w/o pull",S73XAT0459,,,,,,,,36,units,,42.75,1539,20-00586,ELECTRIC,<<Inventory>>,,,,,,,,,,,,,,,,,,,,,,,,57.71
"Fixture, Satco 13"" Hall, Bed w/o pull",S73XAT0459,,,,,,,,16,units,,42.75,684,20-00586,ELECTRIC,<<Inventory>>,,,,,https://lnk.sortly.co/v2/downloads/photo/v2_5iYyIS_TkiUtn7oEwUJdwrJWbLPQ1JSpz_z9NFhP1F8rVxz3QOktng==,,,,,,,,,,45923761270,org.gs1.EAN-13,,,,,,,,57.71
"Fixture, Wall Sconces",S73XAT0465,,,,,,,,22,units,,21.99,483.78,20-01200,ELECTRIC,<<Inventory>>,,,,,,,,,,,,,,,,,,,,,,,,29.69
"Floor Stripper, 5 gallon",S73XAT0628,,,,,,,,8,units,,46.08,368.64,40-04650,SUPER,<<Inventory>>,,,,,https://lnk.sortly.co/v2/downloads/photo/v2_cHjQvIigfILD1zMb2YuuaabD6I8SdoU7wwwlwSm06jB5PtCjNNkiKw==,,,,,,,,sy://o2/x_qrcode_us/S73XAT0628,com.sortly.sortlyLabel,5728766A 5gal,org.iso.Code128,,,,,,,,62.21
"Floor Stripper, 5 gallon",S73XAT0628,,,,,,,,14,units,,46.08,645.12,40-04650,SUPER,<<Inventory>>,,,,,https://lnk.sortly.co/v2/downloads/photo/v2_YramtqHVqXGuPN2Cgt0sM8Q15pENDgtkoCcYQPah4e6CTAthSS3WPA==,,,,,,,,sy://o2/x_qrcode_us/S73XAT0628,com.sortly.sortlyLabel,5728766A 5gal,org.iso.Code128,,,,,,,,62.21
"Floor Wax, 5 gallon",S73XAT0673,,,,,,,,0,units,,60.08,0,40-04660,SUPER,<<Inventory>>,,,,,https://lnk.sortly.co/v2/downloads/photo/v2_BHUOeaiTw3ISAE9sikPtlkcIKw3c2pXaqD6bDsdS_lAmgFy1pzKNOg==,,,,,,,,sy://o2/x_qrcode_us/S73XAT0673,com.sortly.sortlyLabel,,,,,,,,,,82.08
"Floor Wax, 5 gallon",S73XAT0673,,,,,,,,10,units,,60.08,600.8,40-04660,SUPER,<<Inventory>>,,,,,https://lnk.sortly.co/v2/downloads/photo/v2_2EBTS0y28hxdYH20m5lLLC5NUiIQE83Efohsco6encCQn1awqjQYOQ==,,,,,,,,sy://o2/x_qrcode_us/S73XAT0673,com.sortly.sortlyLabel,,,,,,,,,,82.08
"Frame, Certificate 6"" x 9""",S73XAT0636,,,,,,,,13,units,,14.95,194.35,40-04685,SUPER,<<Inventory>>,,,,,,,,,,,,,,,,,,,,,,,,
"Frame, Certificate 8 1/2"" x 11""",S73XAT0655,,,,,,,,36,units,,24.99,899.64,40-04680,SUPER,<<Inventory>>,,,,,https://lnk.sortly.co/v2/downloads/photo/v2_xIPQHrFSccV5nHuzIECeh3G9RxMb_jsEo04z1RGgo6fNBQcoqA3O3A==,https://lnk.sortly.co/v2/downloads/photo/v2_jc0MCZ7lUbe74jh6OGASybTyNqechTQvfsl3SHC1khHP5-g1C_QnvQ==,,,,,,,,,8.11E+11,org.gs1.EAN-13,,,,,,,,33.74
GFI Outlets,S73XAT0456,,,,,,,,50,units,,11.11,555.5,20-00561,ELECTRIC,<<Inventory>>,,,,,https://lnk.sortly.co/v2/downloads/photo/v2_NJ-m0XavMCzefHNblwej_v4grtZ3SwrablqAKX0ERjudHXyeEhQXkA==,,,,,,,,sy://o2/l_qrcode_us/S73XAT0456,com.sortly.sortlyLabel,75877122254,org.gs1.EAN-13,,,,,,,,15
"Garbage Can, 30 gal METAL",S73XAT0665,,,,,,,,4,units,,33.5,134,40-04750,SUPER,<<Inventory>>,,,,,,,,,,,,,sy://o2/l_qrcode_us/S73XAT0665,com.sortly.sortlyLabel,,,,,,,,,,43.2
"Garbage Can, 32 gal Rubber Maid",S73XAT0631,,,,,,,,9,units,,34.5,310.5,40-04700,SUPER,<<Inventory>>,,,,,,,,,,,,,sy://o2/l_qrcode_us/S73XAT0631,com.sortly.sortlyLabel,,,,,,,,,,46.58
Gas Shutoff Valve,S73XAT0510,,,,,,,,40,units,,6.25,250,35-00550,PLUMBING,<<Inventory>>,,,,,,,,,,,,,,,,,,,,,,,,
"Gas, connectors 36""",S73XAT0506,,,,,,,,40,units,,13.25,530,35-00500,PLUMBING,<<Inventory>>,,,,,https://lnk.sortly.co/v2/downloads/photo/v2_OhdQCgWny8Jbip2MbKXRSjgpGfAMBpZcLOE6B6gcUIYyQ96Z92qM0w==,,,,,,,,,,7.30E+11,org.gs1.EAN-13,,,,,,,,13.25
"Gas, connectors 48""",S73XAT0504,,,,,,,,15,units,,13.1,196.5,35-00400,PLUMBING,<<Inventory>>,,,,,https://lnk.sortly.co/v2/downloads/photo/v2_sLaZtxfTIuOQw_TkNwqIiLvZghNmlDqSsVJD7XfZ9kaAXOzSKeKzNA==,,,,,,,,,,7.30E+11,org.gs1.EAN-13,,,,,,,,17.69
Gerber Deck Faucet 42-406 (kitchen),S73XAT0697,,,,,,,,41,units,,119.95,4917.95,35-00600,PLUMBING,<<Inventory>>,,,,,https://lnk.sortly.co/v2/downloads/photo/v2_05B1HxFQFc2BzwjvNT_8XURzHHqX81g5DqOKf0-_YaN9uKR76j52jw==,https://lnk.sortly.co/v2/downloads/photo/v2_b2DFUO3feiHcFmEDCRBOroaiBh9J4xqN5-MRf14mg5fasQknPuljAg==,https://lnk.sortly.co/v2/downloads/photo/v2_sb9Z6LGwpnMGD_WkfbZsJx7pWCdniJb7JIgJ8ls_AAl1DNnz9qO0KA==,,,,,,sy://o2/l_qrcode_us/S73XAT0697,com.sortly.sortlyLabel,6.71E+11,org.iso.Code128,,,,,,,,174.83
Gerber Deck Faucet 43-431 (bathroom),S73XAT0540,,,,,,,,53,units,,139.5,7393.5,35-00700,PLUMBING,<<Inventory>>,,,,,https://lnk.sortly.co/v2/downloads/photo/v2_1TQdDJUsvOj_pWoQ2btRBfpI7uHVsO7t-38ExIomLoLPrLqugSQ3yQ==,,,,,,,,sy://o2/x_qrcode_us/S73XAT0540,com.sortly.sortlyLabel,6.71E+11,org.iso.Code128,,,,,,,,188.33
Gerber Pop-up Assembly,S73XAT0546,,,,,,,,47,units,,7.84,368.48,35-00775,PLUMBING,<<Inventory>>,,,,,https://lnk.sortly.co/v2/downloads/photo/v2_xPWAW0VteKTIcIb4FGMTI9aBam0-U-c0KWbgWJ9yAmatFMvB2rG3nA==,https://lnk.sortly.co/v2/downloads/photo/v2_gTYKjnH8obNSwTOjbaaL4i5V5j3NKZm-bc6S4wzSDSTlV0RWU0wYWA==,,,,,,,,,7.53E+11,org.gs1.EAN-13,,,,,,,,10.58
"Gloves , Leather",S73XAT0623,,,,,,,,29,units,,3.32,96.28,40-04851,SUPER,<<Inventory>>,,,,,https://lnk.sortly.co/v2/downloads/photo/v2_cLtQ5gUPBVeba4_LPT6fZMBeJsRoO8bPn7ZUQXn1n1QnMVWaM1v0bA==,https://lnk.sortly.co/v2/downloads/photo/v2_eibBM1qr-sboSbG820axLAWHX8sDhBUDS9v1UUzhiQeqP-FQ9xwVeg==,,,,,,,,,75877918000,org.gs1.EAN-13,,,,,,,,4.7
"Gloves, Latex Purple (Disposable) 100pc",S73XAT0626,,,,,,,,100,units,,10.35,1035,40-04850,SUPER,<<Inventory>>,,,,,https://lnk.sortly.co/v2/downloads/photo/v2_Y5IM085FdUR0wloKuHUaZ93H3YXd1557TnhKrRwCnN3fTwq01C9Dyg==,,,,,,,,,,7.64E+11,org.gs1.EAN-13,,,,,,,,
"Gloves, Latex Purple (Disposable) 100pc",S73XAT0626,,,,,,,,90,units,,10.35,931.5,40-04850,SUPER,<<Inventory>>,,,,,https://lnk.sortly.co/v2/downloads/photo/v2_oGrP6KR0iGJBGWOo2siDpiQCoVUMX1DoU_WRJKaxpgE4dOn2U5aRlw==,,,,,,,,,,7.64E+11,org.gs1.EAN-13,,,,,,,,14.51
"Glue Traps, Mice",S73XAT0651,,,,,,,,0,units,,0.34,0,40-04875,SUPER,<<Inventory>>,,,,,,,,,,,,,,,,,,,,,,,,
Gorton Air Valves #4 angle,S73XAT0514,,,,,,,,56,units,,27.59,1545.04,35-01064,PLUMBING,<<Inventory>>,,,,,https://lnk.sortly.co/v2/downloads/photo/v2_OY-I_LtbFHj32RCa_-xZNEbr5Q36XRR7Zur0eiaEc5_RFF_X_5bOSg==,,,,,,,,,,6.32E+11,org.gs1.EAN-13,,,,,,,,
Gorton Air Valves #6 angle,S73XAT0545,,,,,,,,83,units,,27.59,2289.97,35-01065,PLUMBING,<<Inventory>>,,,,,https://lnk.sortly.co/v2/downloads/photo/v2_uigAnMIRbl4D6uQWub8HQeDdaXtgW4Rq6Taf7IY3HgwkGZZC2mjfJQ==,,,,,,,,sy://o2/l_qrcode_us/S73XAT0545,com.sortly.sortlyLabel,6.32E+11,org.gs1.EAN-13,,,,,,,,37.25
Gorton Air Valves #C angle,S73XAT0512,,,,,,,,10,units,,25.95,259.5,35-01060,PLUMBING,<<Inventory>>,,,,,https://lnk.sortly.co/v2/downloads/photo/v2_uCO5wYr6xYt_Fx_Hq4298VyqkD78BHLNfpW6ngN4fgjwtTch7S_Teg==,,,,,,,,,,9.65E+12,org.gs1.EAN-13,,,,,,,,
Gorton Air Valves #D angle,S73XAT0507,,,,,,,,0,units,,26.69,0,35-01061,PLUMBING,<<Inventory>>,,,,,,,,,,,,,,,,,,,,,,,,
Gorton Air Valves #D straight,S73XAT0519,,,,,,,,50,units,,26.69,1334.5,35-01062,PLUMBING,<<Inventory>>,,,,,https://lnk.sortly.co/v2/downloads/photo/v2_3_d5mZ6S5Ip9s_C5zpvNCD3dn9J3Q942GA7oYMbdTOdUgIxmNb2_og==,https://lnk.sortly.co/v2/downloads/photo/v2_07RvOz3Ob5R40SSpxIgxa-Z035nwFtcGxdqhRrgOrh_p2VLkV270nA==,,,,,,,,,6.32E+11,org.gs1.EAN-13,,,,,,,,
Grafitti Remover (spray can),S73XAT0653,,,,,,,,94,units,,4,376,40-04900,"SUPER, Bar code needed",<<Inventory>>,,,,,https://lnk.sortly.co/v2/downloads/photo/v2_sEgnwyJz4TF3PnMdfXExxJX0BKZlQIt_OHLANlcoYXhCpRjcahnX-A==,,,,,,,,,,,,,,,,,,,4.86
"Grout, Floor (25lb Bags)",S73XAT0549,,,,,,,,8,units,,31.99,255.92,50-00200,TILE,<<Inventory>>,,,,,,,,,,,,,,,,,,,,,,,,33.41
"Grout, Wall (25 lb Bags)",S73XAT0552,,,,,,,,9,units,,31.99,287.91,50-00300,TILE,<<Inventory>>,,,,,https://lnk.sortly.co/v2/downloads/photo/v2_cKYMPhsbp5f5Ohrl9tiv_Lw7BGFMXHJT1A537ZHBnnkikfBcJu4lvQ==,,,,,,,,,,93994800251,org.gs1.EAN-13,,,,,,,,37.63
"Guard, Window 25-24 bar x-small 5 bar",S73XAT0649,,,,,,,,11,units,,10.95,120.45,40-05200,SUPER,<<Inventory>>,,,,,,,,,,,,,sy://o2/l_qrcode_us/S73XAT0649,com.sortly.sortlyLabel,,,,,,,,,,14.78
"Guard, Window Med 25-38 5 bar",S73XAT0654,,,,,,,,32,units,,19.5,624,40-05000,SUPER,<<Inventory>>,,,,,,,,,,,,,sy://o2/l_qrcode_us/S73XAT0654,com.sortly.sortlyLabel,,,,,,,,,,23.63
"Guard, Window X-L 25-62 5 bar",S73XAT0652,,,,,,,,33,units,,23,759,40-05100,SUPER,<<Inventory>>,,,,,,,,,,,,,sy://o2/l_qrcode_us/S73XAT0652,com.sortly.sortlyLabel,,,,,,,,,,39.83
HAND SANITIZER 16 OZ,S73XAT0752,,,,,,,,79,units,,0,0,40-05355,,<<Inventory>>,,,,,,,,,,,,,,,,,,,,,,,,6.59
Hand Sanitizer 1 gallon,S73XAT0666,,,,,,,,33,units,,60.75,2004.75,40-05350,SUPER,<<Inventory>>,,,,,https://lnk.sortly.co/v2/downloads/photo/v2_CfSwa-YITaJnp51vNv8V9rceYQ-Fj6sdfA34q3jUnR5iEUEOo4o3Uw==,,,,,,,,,,,,,,,,,,,
"Handles, Gerber Basin Pair",S73XAT0511,,,,,,,,93,units,,1.8,167.4,35-00800,PLUMBING,<<Inventory>>,,,,,https://lnk.sortly.co/v2/downloads/photo/v2_oTsqWogofUQ4E4aGYyVrArud_11_M3E89RwsfXY7HYOSeR_oTHw3Pg==,,,,,,,,,,7.53E+11,org.gs1.EAN-13,,,,,,,,6.5
"Handles, Gerber Shower 1 Pair",S73XAT0494,,,,,,,,241,units,,2.98,718.18,35-00900,PLUMBING,<<Inventory>>,,,,,https://lnk.sortly.co/v2/downloads/photo/v2_8C6MIDR_-KZliNC4VnR3jpQySHO_GpdYfjOeZ9iyNlrthVgN-YREQw==,,,,,,,,sy://o2/x_qrcode_us/S73XAT0494,com.sortly.sortlyLabel,7.53E+11,org.gs1.EAN-13,,,,,,,,4.02
"Hose, Cold 100'",S73XAT0638,,,,,,,,0,units,,22.24,0,40-04800,SUPER,<<Inventory>>,,,,,,,,,,,,,,,,,,,,,,,,32.5
"Hose, Cold 50'",S73XAT0621,,,,,,,,14,units,,26.72,374.08,40-04802,SUPER,<<Inventory>>,,,,,https://lnk.sortly.co/v2/downloads/photo/v2_k8PlpiCtxVNbPMzxOx8RS_lEmLCcOK0t9EKrXaGaz3vmsBZN1_mI-A==,https://lnk.sortly.co/v2/downloads/photo/v2_Co92_fb18SmNUd9L6hAvCknJHEPQRvl8jWYCvMT5_nWx1UFJitWF2w==,,,,,,,sy://o2/x_qrcode_us/S73XAT0621,com.sortly.sortlyLabel,44882305020,org.gs1.EAN-13,,,,,,FXG5850CN,org.iso.Code39,
"Hose, Hot 50'",S73XAT0656,,,,,,,,20,units,,33.32,666.4,40-04801,SUPER,<<Inventory>>,,,,,https://lnk.sortly.co/v2/downloads/photo/v2_cKP5GYycYXbJwUq411YV8Kl3jOffobDDMEQrzPZFcLxHG0tmRYjIEA==,,,,,,,,sy://o2/x_qrcode_us/S73XAT0656,com.sortly.sortlyLabel,1.01E+13,org.ansi.Interleaved2of5,,,,,,,,58.89
"Hose, Hot 50'",S73XAT0656,,,,,,,,19,units,,33.32,633.08,40-04801,SUPER,<<Inventory>>,,,,,https://lnk.sortly.co/v2/downloads/photo/v2_742EnuW7KfoohkZzQyqhM9ArYA_9SMG_Ua_de9XN6RAJQuwcaC4r9w==,https://lnk.sortly.co/v2/downloads/photo/v2_aQ2sPs-lj9fXYkkuP_1WFO8d_TQ84oEl9Z7Hy37UB6TcGo2lspY5zw==,,,,,,,sy://o2/l_qrcode_us/S73XAT0656,com.sortly.sortlyLabel,1.01E+13,org.ansi.Interleaved2of5,,,,,,75877058508,org.gs1.EAN-13,58.89
Hunter Ball Cocks,S73XAT0501,,,,,,,,100,units,,7.41,741,35-01000,PLUMBING,<<Inventory>>,,,,,https://lnk.sortly.co/v2/downloads/photo/v2_-91Op_NjfZngtK6qeAbG9-YztohQjHZX5EiiqDBC_vwi0LkZiEx5lQ==,,,,,,,,sy://o2/l_qrcode_us/S73XAT0501,com.sortly.sortlyLabel,39961000026,org.gs1.EAN-13,,,,,,39961015075,org.gs1.EAN-13,12.72
"Ice Chopper 7""",S73XAT0627,,,,,,,,24,units,,14.78,354.72,40-05300,SUPER,<<Inventory>>,,,,,,,,,,,,,,,,,,,,,,,,20.95
Intercom Station,S73XAT0643,,,,,,,,25,units,,27.95,698.75,40-05525,SUPER,<<Inventory>>,,,,,https://lnk.sortly.co/v2/downloads/photo/v2_t-1VTuVJOllacbUCGEGLB7kGR1bMbB9IEaqxfNkp9bosdyqfrpk8JQ==,,,,,,,,,,IR204EL,org.iso.Code39,,,,,,15432971,org.gs1.UPC-E,39.83
Joni Bolts SOS,S73XAT0543,,,,,,,,11,units,,1.94,21.34,35-01050,PLUMBING,<<Inventory>>,,,,,https://lnk.sortly.co/v2/downloads/photo/v2_6ZhE9lNIOeJsbLhMQMKEKT1dh9a-id9N2yWVRBcKc2aqwnrAw9HQDg==,,,,,,,,sy://o2/l_qrcode_us/S73XAT0543,com.sortly.sortlyLabel,7.53E+11,org.gs1.EAN-13,,,,,,,,2.62
LIQUID NAILS-LARGE,S73XAT0027,,,,,,,,0,units,,8.99,0,10-01121,CARPENTRY,<<Inventory>>,,,,,,,,,,,,,,,,,,,,,,,,
Lobby Corn broom,S73XAT0629,,,,,,,,13,units,,3.15,40.95,40-05550,SUPER,<<Inventory>>,,,,,https://lnk.sortly.co/v2/downloads/photo/v2_qfzzCbSl9TbAK4U_uBWdQa9WfpYESNv_aRn9CgTWzQrYvP46fB6NFQ==,,,,,,,,,,8.14E+11,org.gs1.EAN-13,,,,,,,,4.75
Lobby Dust Pan ( black ),S73XAT0669,,,,,,,,60,units,,15.66,939.6,40-05560,SUPER,<<Inventory>>,,,,,,,,,,,,,,,,,,,,,,,,
Lobby Dust Pan ( black ),S73XAT0669,,,,,,,,19,units,,15.66,297.54,40-05560,SUPER,<<Inventory>>,,,,,https://lnk.sortly.co/v2/downloads/photo/v2_9iu7F9pN38_2Ij2wBP7-P9btdwwR1PhaQvRt959nw4NIBxPXObP2dg==,,,,,,,,sy://o2/l_qrcode_us/S73XAT0669,com.sortly.sortlyLabel,86876156164,org.gs1.EAN-13,,,,,,,,21.14
Lock&lt; Mortise Set Inside,S73XAT0037,,,,,,,,99,units,,5.75,569.25,10-01700,CARPENTRY,<<Inventory>>,,,,,https://lnk.sortly.co/v2/downloads/photo/v2_sh7LxI_0IN7W5k9TXG3_bwmII834RF4jfDFQzvFYaNHzD8hTe6Cd6w==,https://lnk.sortly.co/v2/downloads/photo/v2_Ic_JjjkdFxT4J1NHz6aMnVL9f7BY9kScN7waPW3rnbPm9F9KPMnqzA==,,,,,,,,,7.50E+11,org.gs1.EAN-13,,,,,,,,
"Lock, Bathroom Mortise",S73XAT0028,,,,,,,,2,units,,5.75,11.5,10-01200,CARPENTRY,<<Inventory>>,,,,,,,,,,,,,,,,,,,,,,,,
"Lock, Entry Mortist R.H.(91A-3RH)",S73XAT0033,,,,,,,,16,units,,76,1216,10-01600,CARPENTRY,<<Inventory>>,,,,,https://lnk.sortly.co/v2/downloads/photo/v2_nRqNyQEgPIqqk9bu1Wu4TwWdyQ2BtZGQG_DuUMXusoFif6cSKMonnQ==,,,,,,,,sy://o2/x_qrcode_us/S73XAT0033,com.sortly.sortlyLabel,7.03E+11,org.gs1.EAN-13,,,,,,,,102.6
"Lock, Entry set mortise L.H.( 91A-3LH)",S73XAT0032,,,,,,,,16,units,,76,1216,10-01500,CARPENTRY,<<Inventory>>,,,,,https://lnk.sortly.co/v2/downloads/photo/v2_6UOXltVGFwQbO88vJcifoU4f_tGEzRVZSetf4Oz7Tw8jXyp-Nbw-UQ==,,,,,,,,sy://o2/x_qrcode_us/S73XAT0032,com.sortly.sortlyLabel,7.03E+11,org.gs1.EAN-13,,,,,,7.03E+11,org.gs1.EAN-13,102.6
"Lock, Passage",S73XAT0038,,,,,,,,45,units,,6.14,276.3,10-01800,CARPENTRY,<<Inventory>>,,,,,https://lnk.sortly.co/v2/downloads/photo/v2_WjclgDjkf7txcTc477UoOUmNkn7GgDuAGCnAZU1azLtkKjFjP10Omg==,,,,,,,,,,7.50E+11,org.gs1.EAN-13,,,,,,,,8.29
"Lock, Privacy",S73XAT0029,,,,,,,,52,units,,5.83,303.16,10-01300,CARPENTRY,<<Inventory>>,,,,,https://lnk.sortly.co/v2/downloads/photo/v2_9-z_9q8v8GrnZnH3sIDnS6DRYWKetREHAgsHHsgYi_g2hgfFEOTOfQ==,https://lnk.sortly.co/v2/downloads/photo/v2_Xfrrf5PwxGNJpeUqwYGwwvJV7xYlnG0Cl47IKZ7ymqj4BgMMELILRg==,,,,,,,sy://o2/l_qrcode_us/S73XAT0029,com.sortly.sortlyLabel,15811004147,org.gs1.EAN-13,,,,,,75877004147,org.gs1.EAN-13,7.87
"Lot 12 DAP Alex Painter's Acrylic Latex Caulk, White, Interior/Exterior, 10.1 Oz",S73XAT0016,,,,,,,,113,units,,4.49,507.37,"Business & Industrial / Adhesives, Sealants & Tapes / Caulks, Sealants & Removers / Caulks & Sealants
https://lnk.sortly.co/3pUaYNQ",CARPENTRY,<<Inventory>>,,,,,https://lnk.sortly.co/v2/downloads/photo/v2_kC_wwE4sdA5GKwQPbwV4USUOFbiMDty0mAKtkKfY-psZDPyh1E-idw==,https://lnk.sortly.co/v2/downloads/photo/v2_bvQFsew1hdjHTKPd2wY3Htd_XPEoVTdTF3yDWuX2ORsyNtfMd9iV7w==,,,,,,,sy://o2/x_qrcode_us/S73XAT0016,com.sortly.sortlyLabel,70798080003,org.gs1.EAN-13,,,,,,70798180659,org.gs1.EAN-13,6.06
Lynx Spray bottle,S73XAT0678,,,,,,,,84,units,,4.3,361.2,40-05615,SUPER,<<Inventory>>,,,,,https://lnk.sortly.co/v2/downloads/photo/v2_H4uTJJmBG4d94zV6McxcEyezguYbm1P1QaUgepUBcdDcojDCp8eGfg==,,,,,,,,sy://o2/x_qrcode_us/S73XAT0678,com.sortly.sortlyLabel,7.12E+11,org.gs1.EAN-13,,,,,,,,4.3
METAL STUD 1 5/8'',S73XAT0742,,,,,,,,1,units,,4.48,4.48,,,<<Inventory>>,,,,,,,,,,,,,sy://o2/l_qrcode_us/S73XAT0742,com.sortly.sortlyLabel,,,,,,,,,,6.05
METAL STUD 1 5/8'',S73XAT0741,,,,,,,,1,units,,4.48,4.48,10-04950,,<<Inventory>>,,,,,,,,,,,,,sy://o2/l_qrcode_us/S73XAT0741,com.sortly.sortlyLabel,,,,,,,,,,6.05
METAL TRACK 1 5/8'',S73XAT0740,,,,,,,,4,units,,17.92,71.68,10-04920,new,<<Inventory>>,,,,,,,,,,,,,sy://o2/m_qrcode_us/S73XAT0740,com.sortly.sortlyLabel,,,,,,,,,,
Mailbox Locks 5 - Cam,S73XAT0658,,,,,,,,8,units,,3.5,28,40-05625,SUPER,<<Inventory>>,,,,,https://lnk.sortly.co/v2/downloads/photo/v2_4-TkTh9-_3sYBqDKJWufBzqi9Gr1TO5IvbaCfrt-iyWw1G6n1WP5sA==,https://lnk.sortly.co/v2/downloads/photo/v2_9AnA47Sx5ZhGCt-miSmOYvfI4KJG8Iwhvn51rpVyinYauSNZA8QmeA==,,,,,,,sy://o2/l_qrcode_us/S73XAT0658,com.sortly.sortlyLabel,1.01E+13,org.ansi.Interleaved2of5,,,,,,75877127006,org.gs1.EAN-13,9.25
"Masks, Disposable Surgical",S73XAT0622,,,,,,,,302,units,,2,604,40-04600,SUPER,<<Inventory>>,,,,,,,,,,,,,sy://o2/l_qrcode_us/S73XAT0622,com.sortly.sortlyLabel,,,,,,,,,,2.7
"Masks, N95",S73XAT0650,,,,,,,,11,units,,4.95,54.45,40-04675,SUPER,<<Inventory>>,,,,,,,,,,,,,sy://o2/l_qrcode_us/S73XAT0650,com.sortly.sortlyLabel,,,,,,,,,,4.95
Medicine Cabinet ( Broan Standard),S73XAT0657,,,,,,,,23,units,10,33.5,770.5,40-05650,SUPER,<<Inventory>>,,,,,https://lnk.sortly.co/v2/downloads/photo/v2_mlp1R39uIUtuCsScXtKoQNEYMI5gzcmppnw-C72QCvs3hhv5tErhOg==,,,,,,,,sy://o2/l_qrcode_us/S73XAT0657,com.sortly.sortlyLabel,43197003119,org.gs1.EAN-13,,,,,,,,45.23
Medicine Cabinet ( Broan Standard),S73XAT0657,,,,,,,,20,units,,33.5,670,40-05650,SUPER,<<Inventory>>,,,,,https://lnk.sortly.co/v2/downloads/photo/v2_ezLObhJ6ISoi2gqLNzCFh4EZR_VuK-HzYaRuX_2D4QVh7r_OUgx7Yg==,,,,,,,,sy://o2/x_qrcode_us/S73XAT0657,com.sortly.sortlyLabel,43197003119,org.gs1.EAN-13,,,,,,,,
Mint Blocks,S73XAT0633,,,,,,,,39,units,,41.35,1612.65,40-04280,SUPER,<<Inventory>>,,,,,https://lnk.sortly.co/v2/downloads/photo/v2_qDt_-lJ_HuIy_d2XPs7cINx2duu15M6BgHVVvf6vNBCaNCpdKR0-MA==,https://lnk.sortly.co/v2/downloads/photo/v2_GD1YOY3yuyTmsIMIGMQVT2ygLTkB_SSP2tWu8l7MaPQcjV4AylHruA==,,,,,,,sy://o2/x_qrcode_us/S73XAT0633,com.sortly.sortlyLabel,ECABA04,org.iso.Code128,,,,,,,,55.82
"Molding, 2 1/4 clamshell (per ft)",S73XAT0030,,,,,,,,200,units,,9.99,1998,10-01900,CARPENTRY,<<Inventory>>,,,,,,,,,,,,,,,,,,,,,,,,13.49
"Molding, 3/4 x 1/4 round (per ft)",S73XAT0031,,,,,,,,421,units,,0.5,210.5,10-02000,CARPENTRY,<<Inventory>>,,,,,,,,,,,,,sy://o2/l_qrcode_us/S73XAT0031,com.sortly.sortlyLabel,,,,,,,,,,4
"Molding, 4 1/4 Clamshell (per ft)",S73XAT0705,,,,,,,,0,units,,1.94,0,10-02050,CARPENTRY,<<Inventory>>,,,,,,,,,,,,,,,,,,,,,10-02050,,,
"Molding, 4 1/4 Clamshell (per ft)",S73XAT0705,,,,,,,,200,units,,2.04,408,10-02050,CARPENTRY,<<Inventory>>,,,,,,,,,,,,,,,,,,,,,10-02050,,,
"Molding,5 1/4 clamshell (per ft)",S73XAT0034,,,,,,,,203,units,,1.62,328.86,10-02100,CARPENTRY,<<Inventory>>,,,,,,,,,,,,,,,,,,,,,,,,
"Molding,5 1/4 clamshell (per ft)",S73XAT0034,,,,,,,,0,units,,2.73,0,10-02100,CARPENTRY,<<Inventory>>,,,,,,,,,,,,,,,,,,,,,,,,
"Molding,5 1/4 clamshell (per ft)",S73XAT0034,,,,,,,,82,units,,1.62,132.84,10-02100,"CARPENTRY, UOM",<<Inventory>>,,,,,,,,,,,,,,,,,,,,,,,,
"Mop, Handle 60",S73XAT0704,,,,,,,,5,units,,11.7,58.5,40-05700,,<<Inventory>>,,,,,,,,,,,,,,,,,,,,,40-05700,,,11.7
"Mop, Head 24 oz",S73XAT0679,,,,,,,,64,units,,3.06,195.84,40-05900,SUPER,<<Inventory>>,,,,,https://lnk.sortly.co/v2/downloads/photo/v2_bGiuuAqpSP-QBEbKlP_jMx4wV4vfTbOQVtdGgJD6cJ9CsTbyVTit9g==,,,,,,,,sy://o2/l_qrcode_us/S73XAT0679,com.sortly.sortlyLabel,1.01E+13,org.ansi.Interleaved2of5,,,,,,8.40E+11,org.gs1.EAN-13,3.75
"Mop, Head 24 oz",S73XAT0679,,,,,,,,108,units,,2.84,306.72,40-05900,SUPER,<<Inventory>>,,,,,https://lnk.sortly.co/v2/downloads/photo/v2_WLBF1U4Yq8dScewwHBxrSFP2ADvapDmN5iWVZW5l4bF8SJEjAbJn2w==,,,,,,,,sy://o2/x_qrcode_us/S73XAT0679,com.sortly.sortlyLabel,1.01E+13,org.ansi.Interleaved2of5,,,,,,,,
"Mop,Sticks",S73XAT0663,,,,,,,,20,units,,7.96,159.2,40-06000,SUPER,<<Inventory>>,,,,,,,,,,,,,sy://o2/x_qrcode_us/S73XAT0663,com.sortly.sortlyLabel,,,,,,,,,,7.3
"Mop,Sticks",S73XAT0663,,,,,,,,40,units,,7.96,318.4,40-06000,SUPER,<<Inventory>>,,,,,,,,,,,,,,,,,,,,,,,,
NAVAJO WHITE 2gal,S73XAT0738,,,,,,,,0,units,,0,0,,,<<Inventory>>,,,,,,,,,,,,,sy://o2/e_qrcode_us/S73XAT0738,com.sortly.sortlyLabel,,,,,,,,,,
"Nails, 16d common per lb",S73XAT0035,,,,,,,,21,units,,3.5,73.5,10-02200,CARPENTRY,<<Inventory>>,,,,,https://lnk.sortly.co/v2/downloads/photo/v2_v6wj6YLwNAheiGFAEOl4A795p_E7rT_QdZUh6JbxwhjYwQ0B_zWMdw==,,,,,,,,,,,,,,,,,,,
"Nails, Finishing 6d per lb",S73XAT0036,,,,,,,,0,units,,3.5,0,10-02400,CARPENTRY,<<Inventory>>,,,,,,,,,,,,,sy://o2/x_qrcode_us/S73XAT0036,com.sortly.sortlyLabel,,,,,,,,,,
"Nails, Finishing 7D per lb",S73XAT0043,,,,,,,,60,units,,3.5,210,10-02500,CARPENTRY,<<Inventory>>,,,,,,,,,,,,,,,,,,,,,,,,
"Nails,Sheetrock 3"" per lb",S73XAT0041,,,,,,,,0,units,,3.5,0,10-02600,CARPENTRY,<<Inventory>>,,,,,,,,,,,,,,,,,,,,,,,,
Oak Flooring #2 per sq.ft.,S73XAT0039,,,,,,,,200,units,,3.8,760,10-02650,CARPENTRY,<<Inventory>>,,,,,,,,,,,,,,,42369531047,org.gs1.EAN-13,,,,,,,,
"Oil, compressor SAE 20",S73XAT0624,,,,,,,,0,units,,10.45,0,40-06100,SUPER,<<Inventory>>,,,,,,,,,,,,,,,,,,,,,,,,
"P Trap, 2"" x 1 1/2"" RB trap (Kitchen)",S73XAT0525,,,,,,,,75,units,,17.27,1295.25,35-01101,PLUMBING,<<Inventory>>,,,,,https://lnk.sortly.co/v2/downloads/photo/v2_sRg-U5lM4FabORHPWMTQPCFuNpoa2YUyq2HGRQ_sGSxoKaIylGojeQ==,https://lnk.sortly.co/v2/downloads/photo/v2_7IL5Hk-nZl_1DfTACL_CCX-20Bs0tb3u-GlHkvoA2sGy1f8HZa5VHg==,,,,,,,sy://o2/x_qrcode_us/S73XAT0525,com.sortly.sortlyLabel,7.53E+11,org.gs1.EAN-13,,,,,,,,23.31
"P Trap, CP tube and traps 1 1/2"" (Bath)",S73XAT0508,,,,,,,,45,units,,10.19,458.55,35-01100,PLUMBING,<<Inventory>>,,,,,https://lnk.sortly.co/v2/downloads/photo/v2_TMg72HtEN_00G9KYWa1aOxtDXc2PJbCVgqxvm6XXMyyz1ra_o4GpSQ==,https://lnk.sortly.co/v2/downloads/photo/v2_1l0ld4YRfYfJEstmKNxmkfheYWJdLQwIKeD-Ff_EzWXyyRPgmwf8_A==,,,,,,,sy://o2/l_qrcode_us/S73XAT0508,com.sortly.sortlyLabel,7.53E+11,org.gs1.EAN-13,44690,,,,,8.05E+11,org.gs1.EAN-13,14
PAINT BRUSH 2'',S73XAT0475,,,,,,,,135,units,,0.75,101.25,30-00205,PAINT,<<Inventory>>,,,,,https://lnk.sortly.co/v2/downloads/photo/v2_TY8SprkVz4V5eao1-OgqpqeC2uV81QYGzeqaZ0lK-0xnzfKQrRH0jQ==,,,,,,,,sy://o2/x_qrcode_us/S73XAT0475,com.sortly.sortlyLabel,77089150032,org.gs1.EAN-13,,,,,,1.01E+13,org.ansi.Interleaved2of5,2
PAINT BRUSH 2'',S73XAT0475,,,,,,,,24,units,,0.75,18,30-00205,PAINT,<<Inventory>>,,,,,https://lnk.sortly.co/v2/downloads/photo/v2_1C4jK0jzcCC0cnBUZe5MAmX7ZeLdSMWhglJc8AbkYpIfIoJR6yaFpQ==,,,,,,,,sy://o2/x_qrcode_us/S73XAT0475,com.sortly.sortlyLabel,77089150032,org.gs1.EAN-13,,,,,,,,2
"PAINT, BENJ MOORE 5 GAL FLAT WHITE",S73XAT0788,,,,,,,,1,units,,0,0,30-00835,,<<Inventory>>,,,,,,,,,,,,,,,10701420151,org.gs1.EAN-13,,,,,,,,
PRE-FINISHED OAK FLOORING,S73XAT0050,,,,,,,,11,units,,179.1,1970.1,10-02675,CARPENTRY,<<Inventory>>,,,,,,,,,,,,,,,,,,,,,,,,241.79
PRIMER ULTRA EPEC UNDERCOAT 5 GALLON,S73XAT0696,,,,,,,,0,units,,70,0,30-00850,PAINT,<<Inventory>>,,,,,,,,,,,,,,,,,,,,,,,,70
"Paint, #160 5 gallon (white)",S73XAT0471,,,,,,,,1,units,,75,75,30-00400,PAINT,<<Inventory>>,,,,,https://lnk.sortly.co/v2/downloads/photo/v2_xBINQ_qcGh1ANogT0Jy6wj7LOD-JfI5vWDFa11Jox3UkNAV2XjdB4Q==,,,,,,,,sy://o2/x_qrcode_us/S73XAT0471,com.sortly.sortlyLabel,10701160002,org.gs1.EAN-13,,,,,,,,
"Paint, Aluminum 1/4 gallon",S73XAT0487,,,,,,,,4,units,,16.95,67.8,30-00200,PAINT,<<Inventory>>,,,,,https://lnk.sortly.co/v2/downloads/photo/v2_nrEbsgWU6caXCE__yKHTkun1rFJ8jWHAzddeGJqpL0MQbuc09NFyGQ==,https://lnk.sortly.co/v2/downloads/photo/v2_ZRFL9jdM8VuXzyacYEKvzUc8MmEBrk-mqBEt8Ci7ZeAizzUxSlsAFg==,,,,,,,sy://o2/x_qrcode_us/S73XAT0487,com.sortly.sortlyLabel,10701253049,org.gs1.EAN-13,,,,,,,,22.88
"Paint, Handle 9""",S73XAT0499,,,,,,,,31,units,,5,155,30-01000,PAINT,<<Inventory>>,,,,,https://lnk.sortly.co/v2/downloads/photo/v2_iWfb6QY7AQ9sCZGu8HPT5oFYV-CwABUB4dpbfeJT7c-A9M7y30ue_A==,https://lnk.sortly.co/v2/downloads/photo/v2__mbjPfNL8qsXTYuN8WMcrJfMhMybfCIMftZEunxPfauY_w1aBu2RNQ==,,,,,,,sy://o2/x_qrcode_us/S73XAT0499,com.sortly.sortlyLabel,1.15E+12,org.gs1.EAN-13,,,,,,,,8.1
"Paint, Linen white SG 5 Gallons",S73XAT0728,,,,,,,,11,units,,110,1210,30-00680,,<<Inventory>>,,,,,https://lnk.sortly.co/v2/downloads/photo/v2_BXOYVEKAeaWgm9ZyRwpLE4OkjcLkY_KLUhGHT7px8-EiAiF4g7Agsw==,,,,,,,,sy://o2/m_qrcode_us/S73XAT0728,com.sortly.sortlyLabel,,,,,,,,,,148.5
"Paint, Primer Latex",S73XAT0469,,,,,,,,0,units,,15.4,0,30-00750,PAINT,<<Inventory>>,,,,,,,,,,,,,sy://o2/x_qrcode_us/S73XAT0469,com.sortly.sortlyLabel,,,,,,,,,,
"Paint, Roller9""",S73XAT0479,,,,,,,,67,units,,2.5,167.5,30-00900,PAINT,<<Inventory>>,,,,,https://lnk.sortly.co/v2/downloads/photo/v2_SBie0i_tqgBhVI7WW57L76jdtGXZFsafJegGrtTbKIXTH_YQrThEbw==,,,,,,,,sy://o2/x_qrcode_us/S73XAT0479,com.sortly.sortlyLabel,44359009628,org.gs1.EAN-13,,,,,,,,3.95
"Paint, Roller9""",S73XAT0479,,,,,,,,3,units,,2.5,7.5,30-00900,PAINT,<<Inventory>>,,,,,https://lnk.sortly.co/v2/downloads/photo/v2_c0AFqOLHx1QnM5U4xmH7oE_dtnQywaRSMAKJ4HL9NzWThRwvE94ejw==,,,,,,,,sy://o2/x_qrcode_us/S73XAT0479,com.sortly.sortlyLabel,44359009628,org.gs1.EAN-13,,,,,,,,3.95
"Paint, Zinser Mildew Perma White",S73XAT0484,,,,,,,,3,units,,29.95,89.85,30-02000,PAINT,<<Inventory>>,,,,,https://lnk.sortly.co/v2/downloads/photo/v2_UpH7ClS9957zCxZ3btPjd1lI1alcNPWDTCwAWtWfceiN0iEJ7f7Rug==,,,,,,,,,,47719027614,org.gs1.EAN-13,,,,,,,,45
"Paint, off white 5 gallon",S73XAT0470,,,,,,,,10,units,,75,750,30-00600,PAINT,<<Inventory>>,,,,,https://lnk.sortly.co/v2/downloads/photo/v2_FjUbm0D97RM7P-PpZGgTFsXdVaKae7wemnu36L0wa_LKHrv9FmiJDg==,,,,,,,,sy://o2/x_qrcode_us/S73XAT0470,com.sortly.sortlyLabel,1070150053,org.gs1.EAN-13,,,,,,,,
"Paint, offwhite 2 gallon",S73XAT0476,,,,,,,,12,units,,30,360,30-00500,PAINT,<<Inventory>>,,,,,https://lnk.sortly.co/v2/downloads/photo/v2_EQmRL3SaFGQGHZFWkMQ3H4uIqIFy7t5eulyXb_gp5w16L-BjLYw4-g==,,,,,,,,sy://o2/x_qrcode_us/S73XAT0476,com.sortly.sortlyLabel,107015020,org.gs1.EAN-13,,,,,,,,
"Paint,#160 2 gallon (white)",S73XAT0478,,,,,,,,1,units,,44,44,30-00300,PAINT,<<Inventory>>,,,,,https://lnk.sortly.co/v2/downloads/photo/v2_wd03ih2vr40Onx9bTXBMtURbOXNdjH2MLAylzAWSAxDbfpE0vIFsyQ==,,,,,,,,sy://o2/x_qrcode_us/S73XAT0478,com.sortly.sortlyLabel,10701160026,org.gs1.EAN-13,,,,,,,,59.4
"Paint,Brush 3""",S73XAT0492,,,,,,,,48,units,,1.5,72,30-00210,PAINT,<<Inventory>>,,,,,https://lnk.sortly.co/v2/downloads/photo/v2_6Ey444aa5TEjwalDLyqXUED3SzvGV-eOOmpvpogq3mz-Mzowrxj-QA==,,,,,,,,sy://o2/x_qrcode_us/S73XAT0492,com.sortly.sortlyLabel,1.01E+13,org.ansi.Interleaved2of5,,,,,,,,2.03
"Paint,Brush 3""",S73XAT0492,,,,,,,,57,units,,1.5,85.5,30-00210,PAINT,<<Inventory>>,,,,,https://lnk.sortly.co/v2/downloads/photo/v2_5eRsnwP32dHc9c6UyBmrGISy8sEcHGloqqaFAtrYkYWx9pYdiFqzfA==,,,,,,,,sy://o2/x_qrcode_us/S73XAT0492,com.sortly.sortlyLabel,1.01E+13,org.ansi.Interleaved2of5,,,,,,77089150056,org.gs1.EAN-13,2.03
Paper Towels 1 Roll,S73XAT0667,,,,,,,,221,units,,1.07,236.47,40-06125,SUPER,<<Inventory>>,,,,,https://lnk.sortly.co/v2/downloads/photo/v2_D1GwOrWoV-X7M-s73UNgYIdvL0hmlM3__Km6-a75mkycRYTckm3Z1g==,,,,,,,,sy://o2/x_qrcode_us/S73XAT0667,com.sortly.sortlyLabel,5.06E+13,org.ansi.Interleaved2of5,,,,,,,,1.45
Paper Towels 1 Roll,S73XAT0667,,,,,,,,300,units,,1.07,321,40-06125,SUPER,<<Inventory>>,,,,,https://lnk.sortly.co/v2/downloads/photo/v2_zO9GxRK83XrNd4JdDrlyWy5NuazXRSEWGgFaGMA3s5TzGJsEh7DJ6w==,,,,,,,,sy://o2/x_qrcode_us/S73XAT0667,com.sortly.sortlyLabel,5.06E+13,org.ansi.Interleaved2of5,,,,,,,,
Peep Hole and Chime,S73XAT0662,,,,,,,,12,units,,12.99,155.88,40-06135,SUPER,<<Inventory>>,,,,,https://lnk.sortly.co/v2/downloads/photo/v2_h5AmUKb63-GRBx28XkdGJito9oESzRjo0hiGdMbSy4NDJsDIrqV5MQ==,https://lnk.sortly.co/v2/downloads/photo/v2_Mch8JXlIWUbIakBvtIiyy3-e6_tsjrOLhT-cOOvl7K5jME_r5Tooqg==,,,,,,,,,7.50E+11,org.gs1.EAN-13,,,,,,,,23.75
"Pipe Elbow 90, 12"" Roughbrass",S73XAT0503,,,,,,,,77,units,,10,770,35-01085,PLUMBING,<<Inventory>>,,,,,https://lnk.sortly.co/v2/downloads/photo/v2_AS8Vnk8CdIUrJe1zDPRBbKf30tlW9Lou3tDPZ-ct4tRr7grzNnRj3w==,https://lnk.sortly.co/v2/downloads/photo/v2_DWzkO2BPYNwFMUdti8pCU6UcIFQUZLd-PvI1TUbGlu6GUOICyJZGYw==,,,,,,,sy://o2/l_qrcode_us/S73XAT0503,com.sortly.sortlyLabel,7.53E+11,org.gs1.EAN-13,,,,,,,,13.5
"Pipe Elbow 90, 18"" Roughbrass",S73XAT0518,,,,,,,,88,units,,5.14,452.32,35-01086,PLUMBING,<<Inventory>>,,,,,https://lnk.sortly.co/v2/downloads/photo/v2_scfowYikNzG4YrAosXuzD7uJugDFLbVPXRhcWApKyGlV4NgPn7XY2A==,https://lnk.sortly.co/v2/downloads/photo/v2_kh7MGLCPjBis7-DkxLBUYirZwfg04ML4VI8UZZxzyztsm35Cxu8DlA==,https://lnk.sortly.co/v2/downloads/photo/v2_QsDiSK596zxD-kQ_yfDTUkuDfQmPSdCv4gXOlk91nAgwQ14kP3n4LA==,,,,,,sy://o2/l_qrcode_us/S73XAT0518,com.sortly.sortlyLabel,7.53E+11,org.gs1.EAN-13,,,,,,,,10.95
"Pipe Elbow 90, 18"" Roughbrass",S73XAT0518,,,,,,,,125,units,,5.14,642.5,35-01086,PLUMBING,<<Inventory>>,,,,,,,,,,,,,,,,,,,,,,,,
"Pipe Elbow 90, 24"" Roughbrass",S73XAT0495,,,,,,,,25,units,,6.64,166,35-01087,PLUMBING,<<Inventory>>,,,,,,,,,,,,,,,,,,,,,,,,8.96
"Pipe Elbow 90, 24"" Roughbrass",S73XAT0733,,,,,,,,24,units,,6.64,159.36,35-01087,,<<Inventory>>,,,,,,,,,,,,,sy://o2/l_qrcode_us/S73XAT0733,com.sortly.sortlyLabel,,,,,,,,,,8.96
"Plaster, white (25lb bags)",S73XAT0481,,,,,,,,20,units,,13.99,279.8,30-01100,PAINT,<<Inventory>>,,,,,https://lnk.sortly.co/v2/downloads/photo/v2_Btta98aUFGpzvoQsdnXVy-TLreXvjLaOhQtJvO4xlXtqUkyIo4mUMg==,,,,,,,,sy://o2/x_qrcode_us/S73XAT0481,com.sortly.sortlyLabel,81099004742,org.gs1.EAN-13,,,,,,,,18.89
"Plaster, white (25lb bags)",S73XAT0481,,,,,,,,5,units,,13.99,69.95,30-01100,PAINT,<<Inventory>>,,,,,https://lnk.sortly.co/v2/downloads/photo/v2_tFw3LdpCInxR2UKn50EsWZ_xJp6GkRgRgK2CaAxDux1lkp-nIK2QYw==,,,,,,,,sy://o2/l_qrcode_us/S73XAT0481,com.sortly.sortlyLabel,81099004742,org.gs1.EAN-13,,,,,,70798103122,org.gs1.EAN-13,18.89
Plastic Covers 12' * 100',S73XAT0530,,,,,,,,91,units,,1.82,165.62,30-01200,PAINT,<<Inventory>>,,,,,,,,,,,,,sy://o2/l_qrcode_us/S73XAT0530,com.sortly.sortlyLabel,,,,,,,,,,2.46
"Plate, 2 Gang Wall Switch",S73XAT0497,,,,,,,,61,units,,1.25,76.25,20-00850,ELECTRIC,<<Inventory>>,,,,,https://lnk.sortly.co/v2/downloads/photo/v2_BUP542_nr3ULFokRXhh8Wg4_m3zVSuCEwKMvvy5eywX9JdJvTroAyA==,,,,,,,,sy://o2/x_qrcode_us/S73XAT0497,com.sortly.sortlyLabel,75877680518,org.gs1.EAN-13,,,,,,,,1.75
"Plate, A.C. (single, white)",S73XAT0452,,,,,,,,130,units,,0.69,89.7,20-00587,ELECTRIC,<<Inventory>>,,,,,https://lnk.sortly.co/v2/downloads/photo/v2_hPUaKva7htSb2fs8FSksQhQnNngcqN46GuQxXyST75xMgOfDm877ZQ==,,,,,,,,sy://o2/x_qrcode_us/S73XAT0452,com.sortly.sortlyLabel,78477443408,org.gs1.EAN-13,,,,,,,,
"Plate, Combo Duplex and AC",S73XAT0463,,,,,,,,74,units,,1.65,122.1,20-00595,ELECTRIC,<<Inventory>>,,,,,https://lnk.sortly.co/v2/downloads/photo/v2_OtMeOPQ4UJ6Pu_1F9PsXbWaczQOk_skjTlhfruOAkMN_0gHdAgfOYA==,,,,,,,,sy://o2/x_qrcode_us/S73XAT0463,com.sortly.sortlyLabel,,,,,,,,,,
"Plate, Combo Switch and GFI",S73XAT0466,,,,,,,,0,units,,1.15,0,20-00596,ELECTRIC,<<Inventory>>,,,,,https://lnk.sortly.co/v2/downloads/photo/v2_xucYVBMCcRYiIsFzbqFMNNBkYJZ2RF_KGN25-zm4VdSgYU99MtK_dw==,,,,,,,,,,32664318504,org.gs1.EAN-13,,,,,,,,
"Plate, GFI (white)",S73XAT0455,,,,,,,,37,units,,0.79,29.23,20-00590,ELECTRIC,<<Inventory>>,,,,,https://lnk.sortly.co/v2/downloads/photo/v2_oevonLpOfFPaFYNdaoBzI96aURC2DBnBWEXPMKe3SXcDXHQWzuWrTQ==,,,,,,,,sy://o2/x_qrcode_us/S73XAT0455,com.sortly.sortlyLabel,8.84E+11,org.gs1.EAN-13,,,,,,,,1.09
"Plate, Receptacle 2 gang (white)",S73XAT0460,,,,,,,,82,units,,1.05,86.1,20-00610,ELECTRIC,<<Inventory>>,,,,,https://lnk.sortly.co/v2/downloads/photo/v2_0hP7WpzuNOd6e1dqGJscWf1f0eZkLrV8rOsOfnF3bSqTMPmaeRA6zw==,,,,,,,,,,32664317903,org.gs1.EAN-13,,,,,,,,1.69
"Plate, Receptacle duplex (white)",S73XAT0482,,,,,,,,17,units,,0.29,4.93,20-00710,ELECTRIC,<<Inventory>>,,,,,https://lnk.sortly.co/v2/downloads/photo/v2_FbtkNObZnWULdtRDosOqHcjBzvpvZ9oBAKpyqT0mW1f1qD7_djD_ZA==,,,,,,,,,,32664751738,org.gs1.EAN-13,,,,,,,,
"Plate, Single wall toggle (white)",S73XAT0480,,,,,,,,155,units,,1.5,232.5,20-00810,ELECTRIC,<<Inventory>>,,,,,https://lnk.sortly.co/v2/downloads/photo/v2_LnEZ_OH20sHaPRbPpyvz7x_gqLMY3Htke0ERvPPQZoEyJqaxmje7pQ==,,,,,,,,sy://o2/x_qrcode_us/S73XAT0480,com.sortly.sortlyLabel,32664751752,org.gs1.EAN-13,,,,,,9.29E+12,org.gs1.EAN-13,2.03
Plumbers Putty 1 Lb container,S73XAT0513,,,,,,,,17,units,,4.41,74.97,35-01090,PLUMBING,<<Inventory>>,,,,,,,,,,,,,sy://o2/l_qrcode_us/S73XAT0513,com.sortly.sortlyLabel,,,,,,,,,,5.95
Plywood 3/4,S73XAT0044,,,,,,,,2,units,,65.69,131.38,10-02700,CARPENTRY,<<Inventory>>,,,,,,,,,,,,,sy://o2/l_qrcode_us/S73XAT0044,com.sortly.sortlyLabel,,,,,,,,,,88.68
Plywood 3/4,S73XAT0044,,,,,,,,26,units,,65.69,1707.94,10-02700,CARPENTRY,<<Inventory>>,,,,,,,,,,,,,,,,,,,,,,,,88.68
Plywood 3/4,S73XAT0044,,,,,,,,19,units,,65.69,1248.11,10-02700,CARPENTRY,<<Inventory>>,,,,,,,,,,,,,,,,,,,,,,,,88.68
"Plywood, 3/8"" underlayment",S73XAT0049,,,,,,,,12,units,,52.19,626.28,10-02800,CARPENTRY,<<Inventory>>,,,,,,,,,,,,,,,,,,,,,,,,70.46
Pre hung Door 36x80,S73XAT0057,,,,,,,,5,units,,170.99,854.95,10-00900,"CARPENTRY, PRICE ITEM CHECK",<<Inventory>>,,,,,,,,,,,,,sy://o2/x_qrcode_us/S73XAT0057,com.sortly.sortlyLabel,,,,,,,,,,
Pre hung door 34 x 80,S73XAT0013,,,,,,,,4,units,,165.5,662,10-00800,CARPENTRY,<<Inventory>>,,,,,,,,,,,,,sy://o2/x_qrcode_us/S73XAT0013,com.sortly.sortlyLabel,,,,,,,,,,223.43
"Pre hung door, 24x80",S73XAT0008,,,,,,,,0,units,,179.99,0,10-00400,CARPENTRY,<<Inventory>>,,,,,,,,,,,,,sy://o2/l_qrcode_us/S73XAT0008,com.sortly.sortlyLabel,,,,,,,,,,242.99
"Pre hung door, 24x80",S73XAT0008,,,,,,,,7,units,,179.99,1259.93,10-00400,CARPENTRY,<<Inventory>>,,,,,,,,,,,,,,,,,,,,,,,,242.99
"Pre hung door, 28x80",S73XAT0009,,,,,,,,1,units,,182.5,182.5,10-00500,CARPENTRY,<<Inventory>>,,,,,,,,,,,,,,,,,,,,,,,,246.38
"Pre hung door, 28x80",S73XAT0009,,,,,,,,3,units,,182.5,547.5,10-00500,CARPENTRY,<<Inventory>>,,,,,,,,,,,,,,,,,,,,,,,,246.38
"Pre hung door, 30 x80",S73XAT0012,,,,,,,,6,units,,185.5,1113,10-00600,CARPENTRY,<<Inventory>>,,,,,,,,,,,,,,,,,,,,,,,,250.43
"Pre hung door, 30 x80",S73XAT0012,,,,,,,,1,units,,185.5,185.5,10-00600,CARPENTRY,<<Inventory>>,,,,,,,,,,,,,,,,,,,,,,,,250.43
"Primer, Zinser Mildew",S73XAT0516,,,,,,,,5,units,,35.95,179.75,30-01900,"PAINT, UOM",<<Inventory>>,,,,,,,,,,,,,,,20066237912,org.gs1.EAN-13,,,,,,,,48.53
"Primer, Zinser Mildew",S73XAT0516,,,,,,,,17,units,,35.95,611.15,30-01900,PAINT,<<Inventory>>,,,,,,,,,,,,,,,,,,,,,,,,48.53
"Radiator, angle valve 1 1/4""",S73XAT0548,,,,,,,,84,units,,14.37,1207.08,35-01300,PLUMBING,<<Inventory>>,,,,,,,,,,,,,,,,,,,,,,,,19.4
"Radiator,angle valve 1""",S73XAT0517,,,,,,,,11,units,,10.44,114.84,35-01200,PLUMBING,<<Inventory>>,,,,,,,,,,,,,,,,,,,,,,,,14.09
"Rags, 25lb Box",S73XAT0682,,,,,,,,4,units,,15.49,61.96,40-06140,SUPER,<<Inventory>>,,,,,https://lnk.sortly.co/v2/downloads/photo/v2_6bMUaBtI0RxipB0OxNt_cpm2aXK1_ZMIcbyxkitykRPn7VHYg4V0Qw==,,,,,,,,sy://o2/x_qrcode_us/S73XAT0682,com.sortly.sortlyLabel,,,,,,,,,,26.5
"Rags, 25lb Box",S73XAT0682,,,,,,,,2,units,,16.72,33.44,40-06140,SUPER,<<Inventory>>,,,,,https://lnk.sortly.co/v2/downloads/photo/v2_thhB9SCFrkAmSZ6NY5xwFb8ZNGWwNSHE6HcWAShbiVaEehD6AYxHeQ==,,,,,,,,sy://o2/l_qrcode_us/S73XAT0682,com.sortly.sortlyLabel,,,,,,,,,,26.5
"Rags, 25lb Box",S73XAT0682,,,,,,,,8,units,,15.49,123.92,40-06140,SUPER,<<Inventory>>,,,,,https://lnk.sortly.co/v2/downloads/photo/v2_i6Ayz791oyXhmE5nO021bUb9geG1VVUqUVYc5YU1hAlH53Uruq_ang==,,,,,,,,sy://o2/x_qrcode_us/S73XAT0682,com.sortly.sortlyLabel,,,,,,,,,,
"Reducing Strip, Metal 12'",S73XAT0047,,,,,,,,48,units,,22,1056,10-02900,CARPENTRY,<<Inventory>>,,,,,,,,,,,,,sy://o2/l_qrcode_us/S73XAT0047,com.sortly.sortlyLabel,,,,,,,,,,29.7
Rock Salt 50lbs,S73XAT0637,,,,,,,,20,units,,10.5,210,40-06150,SUPER,<<Inventory>>,,,,,,,,,,,,,,,,,,,,,,,,17.55
"Saddle, Marble Entry 4x36",S73XAT0045,,,,,,,,18,units,6,29,522,10-03400,CARPENTRY,<<Inventory>>,,,,,,,,,,,,,,,,,,,,,,,,39.15
"Saddle, Marble Entry 6""x36""",S73XAT0060,,,,,,,,3,units,,26,78,10-03600,CARPENTRY,<<Inventory>>,,,,,,,,,,,,,sy://o2/x_qrcode_us/S73XAT0060,com.sortly.sortlyLabel,,,,,,,,,,
"Saddle,Wood 4""x37""",S73XAT0058,,,,,,,,4,units,,14.99,59.96,10-03700,CARPENTRY,<<Inventory>>,,,,,,,,,,,,,sy://o2/x_qrcode_us/S73XAT0058,com.sortly.sortlyLabel,,,,,,,,,,20.24
"Sand Paper, 5 each",S73XAT0489,,,,,,,,0,units,,0.8,0,30-01300,PAINT,<<Inventory>>,,,,,,,,,,,,,,,,,,,,,,,,
"Sand, 25lbs",S73XAT0737,,,,,,,,22,units,,3.5,77,50-00400,,<<Inventory>>,,,,,,,,,,,,,sy://o2/m_qrcode_us/S73XAT0737,com.sortly.sortlyLabel,,,,,,,,,,
"Screws, Sheetrock 1 5/8"" per lb",S73XAT0052,,,,,,,,107,units,,5,535,10-03800,"CARPENTRY, UOM",<<Inventory>>,,,,,https://lnk.sortly.co/v2/downloads/photo/v2_lCbk4lgWk1AJ9CZZMUQS9ywKo5gchRhqbWd4d6E596MgfQf019ETdQ==,,,,,,,,sy://o2/x_qrcode_us/S73XAT0052,com.sortly.sortlyLabel,7.65E+11,org.gs1.EAN-13,,,,,,,,
"Screws, Sheetrock 2-1/2"" per lb",S73XAT0046,,,,,,,,109,units,,5,545,10-03900,"CARPENTRY, UOM",<<Inventory>>,,,,,https://lnk.sortly.co/v2/downloads/photo/v2_OpPgHP8KauO5QtIVVPCTsut0MLjP_20W8Uj3NqHyavWgXqJEyyu6Bw==,,,,,,,,,,99212201381,org.gs1.EAN-13,,,,,,,,
"Screws, Sheetrock 3"" per lb",S73XAT0053,,,,,,,,10,units,,5,50,10-04000,CARPENTRY,<<Inventory>>,,,,,https://lnk.sortly.co/v2/downloads/photo/v2_Mr9M7yyPT81iTHeD8dDYg1t7N1q_RBIeOmH8iiGAufNwROVkzt4fSg==,https://lnk.sortly.co/v2/downloads/photo/v2_Jo-WDpZONehubV42GFULgYlxYajDOdkJKbvS4NSVAbwnEY0RVDcypA==,,,,,,,,,7.65E+11,org.gs1.EAN-13,,,,,,,,
"Seats, Gerber",S73XAT0526,,,,,,,,110,units,,0.25,27.5,35-01350,PLUMBING,<<Inventory>>,,,,,https://lnk.sortly.co/v2/downloads/photo/v2_cSbRuGmvoWWD6ttdu3uvPzZZOhArkTlAYnd4rcj2DDu1X3LLSPm8Bw==,,,,,,,,sy://o2/x_qrcode_us/S73XAT0526,com.sortly.sortlyLabel,1.08E+13,org.ansi.Interleaved2of5,,,,,,2.08E+13,org.ansi.Interleaved2of5,
"Sheetrock, White",S73XAT0054,,,,,,,,16,units,,12.89,206.24,10-04200,CARPENTRY,<<Inventory>>,,,,,https://lnk.sortly.co/v2/downloads/photo/v2_jijLRqJvlfM_xSP7TgpHDKrzwh-CMYicW6W5WaTjY4da7Ywc2s8uXA==,,,,,,,,sy://o2/x_qrcode_us/S73XAT0054,com.sortly.sortlyLabel,,,,,,,,,,17.4
"Sheetrock, White 5/8""",S73XAT0706,,,,,,,,0,units,,15.29,0,10-04220,CARPENTRY,<<Inventory>>,,,,,,,,,,,,,,,,,,,,,,,,
"Sheetrock, Wonderboard",S73XAT0579,,,,,,,,7,units,,17.99,125.93,50-00500,TILE,<<Inventory>>,,,,,https://lnk.sortly.co/v2/downloads/photo/v2_oHBAzgdmds4wzim3T0dYAF7_pB4GoPQPIaH8Rs05eX3mqcEs4G_UWQ==,,,,,,,,sy://o2/l_qrcode_us/S73XAT0579,com.sortly.sortlyLabel,81099040092,org.gs1.EAN-13,,,,,,,,
"Sheetrock, Wonderboard",S73XAT0579,,,,,,,,32,units,,17.99,575.68,50-00500,TILE,<<Inventory>>,,,,,,,,,,,,,,,,,,,,,,,,
